{
  "type": "FeatureCollection",
  "generatedUtc": "2026-09-28T15:57:31.597152Z",
  "sourceUrl": "https://earthquake.usgs.gov/earthquakes/feed/v1.0/summary/all_day.geojson",
  "features": [
    {
      "type": "Feature",
      "id": "nc75443852",
      "geometry": {
        "type": "Point",
        "coordinates": [
          -122.821502685547,
          38.8651657104492,
          1.33000004291534
        ]
      },
      "properties": {
        "source": "USGS",
        "evidenceType": "measured-detection",
        "magnitude": 0.72,
        "depthKm": 1.33000004291534,
        "observationUtc": "2026-09-28T15:48:40.790000Z",
        "observation_time": "2026-09-28T15:48:40.790000Z",
        "place": "10 km WNW of Cobb, CA",
        "title": "M 0.7 - 10 km WNW of Cobb, CA",
        "status": "automatic",
        "eventUrl": "https://earthquake.usgs.gov/earthquakes/eventpage/nc75443852",
        "source_url": "https://earthquake.usgs.gov/earthquakes/eventpage/nc75443852",
        "detailUrl": "https://earthquake.usgs.gov/earthquakes/feed/v1.0/detail/nc75443852.geojson",
        "tsunami": false,
        "categories": [
          "Earthquakes"
        ]
      }
    },
    {
      "type": "Feature",
      "id": "aka2026tfwoxo",
      "geometry": {
        "type": "Point",
        "coordinates": [
          -151.034,
          62.983,
          123.9
        ]
      },
      "properties": {
        "source": "USGS",
        "evidenceType": "measured-detection",
        "magnitude": 2,
        "depthKm": 123.9,
        "observationUtc": "2026-09-28T15:19:34.983000Z",
        "observation_time": "2026-09-28T15:19:34.983000Z",
        "place": "55 km NNW of Petersville, Alaska",
        "title": "M 2.0 - 55 km NNW of Petersville, Alaska",
        "status": "automatic",
        "eventUrl": "https://earthquake.usgs.gov/earthquakes/eventpage/aka2026tfwoxo",
        "source_url": "https://earthquake.usgs.gov/earthquakes/eventpage/aka2026tfwoxo",
        "detailUrl": "https://earthquake.usgs.gov/earthquakes/feed/v1.0/detail/aka2026tfwoxo.geojson",
        "tsunami": false,
        "categories": [
          "Earthquakes"
        ]
      }
    },
    {
      "type": "Feature",
      "id": "aka2026tfwcav",
      "geometry": {
        "type": "Point",
        "coordinates": [
          -151.61,
          63.499,
          0.3
        ]
      },
      "properties": {
        "source": "USGS",
        "evidenceType": "measured-detection",
        "magnitude": 2.2,
        "depthKm": 0.3,
        "observationUtc": "2026-09-28T15:04:51.704000Z",
        "observation_time": "2026-09-28T15:04:51.704000Z",
        "place": "7 km SE of Denali National Park, Alaska",
        "title": "M 2.2 - 7 km SE of Denali National Park, Alaska",
        "status": "automatic",
        "eventUrl": "https://earthquake.usgs.gov/earthquakes/eventpage/aka2026tfwcav",
        "source_url": "https://earthquake.usgs.gov/earthquakes/eventpage/aka2026tfwcav",
        "detailUrl": "https://earthquake.usgs.gov/earthquakes/feed/v1.0/detail/aka2026tfwcav.geojson",
        "tsunami": false,
        "categories": [
          "Earthquakes"
        ]
      }
    },
    {
      "type": "Feature",
      "id": "us6000ty5m",
      "geometry": {
        "type": "Point",
        "coordinates": [
          127.0338,
          5.634,
          78.202
        ]
      },
      "properties": {
        "source": "USGS",
        "evidenceType": "measured-detection",
        "magnitude": 4.9,
        "depthKm": 78.202,
        "observationUtc": "2026-09-28T15:01:39.183000Z",
        "observation_time": "2026-09-28T15:01:39.183000Z",
        "place": "124 km SE of Pondaguitan, Philippines",
        "title": "M 4.9 - 124 km SE of Pondaguitan, Philippines",
        "status": "reviewed",
        "eventUrl": "https://earthquake.usgs.gov/earthquakes/eventpage/us6000ty5m",
        "source_url": "https://earthquake.usgs.gov/earthquakes/eventpage/us6000ty5m",
        "detailUrl": "https://earthquake.usgs.gov/earthquakes/feed/v1.0/detail/us6000ty5m.geojson",
        "tsunami": false,
        "categories": [
          "Earthquakes"
        ]
      }
    },
    {
      "type": "Feature",
      "id": "aka2026tfvugv",
      "geometry": {
        "type": "Point",
        "coordinates": [
          -151.62,
          63.492,
          5
        ]
      },
      "properties": {
        "source": "USGS",
        "evidenceType": "measured-detection",
        "magnitude": 4.2,
        "depthKm": 5,
        "observationUtc": "2026-09-28T14:55:55.260000Z",
        "observation_time": "2026-09-28T14:55:55.260000Z",
        "place": "7 km SE of Denali National Park, Alaska",
        "title": "M 4.2 - 7 km SE of Denali National Park, Alaska",
        "status": "reviewed",
        "eventUrl": "https://earthquake.usgs.gov/earthquakes/eventpage/aka2026tfvugv",
        "source_url": "https://earthquake.usgs.gov/earthquakes/eventpage/aka2026tfvugv",
        "detailUrl": "https://earthquake.usgs.gov/earthquakes/feed/v1.0/detail/aka2026tfvugv.geojson",
        "tsunami": false,
        "categories": [
          "Earthquakes"
        ]
      }
    },
    {
      "type": "Feature",
      "id": "tx2026tctqqi",
      "geometry": {
        "type": "Point",
        "coordinates": [
          -104.46,
          31.635,
          6.1255
        ]
      },
      "properties": {
        "source": "USGS",
        "evidenceType": "measured-detection",
        "magnitude": 2.4,
        "depthKm": 6.1255,
        "observationUtc": "2026-09-28T14:52:43.613000Z",
        "observation_time": "2026-09-28T14:52:43.613000Z",
        "place": "60 km S of Whites City, New Mexico",
        "title": "M 2.4 - 60 km S of Whites City, New Mexico",
        "status": "reviewed",
        "eventUrl": "https://earthquake.usgs.gov/earthquakes/eventpage/tx2026tctqqi",
        "source_url": "https://earthquake.usgs.gov/earthquakes/eventpage/tx2026tctqqi",
        "detailUrl": "https://earthquake.usgs.gov/earthquakes/feed/v1.0/detail/tx2026tctqqi.geojson",
        "tsunami": false,
        "categories": [
          "Earthquakes"
        ]
      }
    },
    {
      "type": "Feature",
      "id": "ci41340247",
      "geometry": {
        "type": "Point",
        "coordinates": [
          -119.427666666667,
          34.9221666666667,
          9.88
        ]
      },
      "properties": {
        "source": "USGS",
        "evidenceType": "measured-detection",
        "magnitude": 1.1,
        "depthKm": 9.88,
        "observationUtc": "2026-09-28T14:33:45.370000Z",
        "observation_time": "2026-09-28T14:33:45.370000Z",
        "place": "15 km S of Maricopa, CA",
        "title": "M 1.1 - 15 km S of Maricopa, CA",
        "status": "automatic",
        "eventUrl": "https://earthquake.usgs.gov/earthquakes/eventpage/ci41340247",
        "source_url": "https://earthquake.usgs.gov/earthquakes/eventpage/ci41340247",
        "detailUrl": "https://earthquake.usgs.gov/earthquakes/feed/v1.0/detail/ci41340247.geojson",
        "tsunami": false,
        "categories": [
          "Earthquakes"
        ]
      }
    },
    {
      "type": "Feature",
      "id": "ci41340239",
      "geometry": {
        "type": "Point",
        "coordinates": [
          -116.970333333333,
          34.0108333333333,
          29.06
        ]
      },
      "properties": {
        "source": "USGS",
        "evidenceType": "measured-detection",
        "magnitude": 1.37,
        "depthKm": 29.06,
        "observationUtc": "2026-09-28T14:25:52.830000Z",
        "observation_time": "2026-09-28T14:25:52.830000Z",
        "place": "7 km ESE of Yucaipa, CA",
        "title": "M 1.4 - 7 km ESE of Yucaipa, CA",
        "status": "automatic",
        "eventUrl": "https://earthquake.usgs.gov/earthquakes/eventpage/ci41340239",
        "source_url": "https://earthquake.usgs.gov/earthquakes/eventpage/ci41340239",
        "detailUrl": "https://earthquake.usgs.gov/earthquakes/feed/v1.0/detail/ci41340239.geojson",
        "tsunami": false,
        "categories": [
          "Earthquakes"
        ]
      }
    },
    {
      "type": "Feature",
      "id": "ci41340231",
      "geometry": {
        "type": "Point",
        "coordinates": [
          -116.811333333333,
          33.2706666666667,
          15.05
        ]
      },
      "properties": {
        "source": "USGS",
        "evidenceType": "measured-detection",
        "magnitude": 0.46,
        "depthKm": 15.05,
        "observationUtc": "2026-09-28T14:19:39.290000Z",
        "observation_time": "2026-09-28T14:19:39.290000Z",
        "place": "6 km NW of Lake Henshaw, CA",
        "title": "M 0.5 - 6 km NW of Lake Henshaw, CA",
        "status": "automatic",
        "eventUrl": "https://earthquake.usgs.gov/earthquakes/eventpage/ci41340231",
        "source_url": "https://earthquake.usgs.gov/earthquakes/eventpage/ci41340231",
        "detailUrl": "https://earthquake.usgs.gov/earthquakes/feed/v1.0/detail/ci41340231.geojson",
        "tsunami": false,
        "categories": [
          "Earthquakes"
        ]
      }
    },
    {
      "type": "Feature",
      "id": "aka2026tfumbw",
      "geometry": {
        "type": "Point",
        "coordinates": [
          -148.145,
          62.916,
          47.5
        ]
      },
      "properties": {
        "source": "USGS",
        "evidenceType": "measured-detection",
        "magnitude": 1.9,
        "depthKm": 47.5,
        "observationUtc": "2026-09-28T14:16:30.198000Z",
        "observation_time": "2026-09-28T14:16:30.198000Z",
        "place": "66 km SE of Cantwell, Alaska",
        "title": "M 1.9 - 66 km SE of Cantwell, Alaska",
        "status": "automatic",
        "eventUrl": "https://earthquake.usgs.gov/earthquakes/eventpage/aka2026tfumbw",
        "source_url": "https://earthquake.usgs.gov/earthquakes/eventpage/aka2026tfumbw",
        "detailUrl": "https://earthquake.usgs.gov/earthquakes/feed/v1.0/detail/aka2026tfumbw.geojson",
        "tsunami": false,
        "categories": [
          "Earthquakes"
        ]
      }
    },
    {
      "type": "Feature",
      "id": "aka2026tftttk",
      "geometry": {
        "type": "Point",
        "coordinates": [
          -151.41,
          59.805,
          58
        ]
      },
      "properties": {
        "source": "USGS",
        "evidenceType": "measured-detection",
        "magnitude": 1.7,
        "depthKm": 58,
        "observationUtc": "2026-09-28T13:55:21.865000Z",
        "observation_time": "2026-09-28T13:55:21.865000Z",
        "place": "10 km NW of Fritz Creek, Alaska",
        "title": "M 1.7 - 10 km NW of Fritz Creek, Alaska",
        "status": "automatic",
        "eventUrl": "https://earthquake.usgs.gov/earthquakes/eventpage/aka2026tftttk",
        "source_url": "https://earthquake.usgs.gov/earthquakes/eventpage/aka2026tftttk",
        "detailUrl": "https://earthquake.usgs.gov/earthquakes/feed/v1.0/detail/aka2026tftttk.geojson",
        "tsunami": false,
        "categories": [
          "Earthquakes"
        ]
      }
    },
    {
      "type": "Feature",
      "id": "us6000ty5b",
      "geometry": {
        "type": "Point",
        "coordinates": [
          159.5458,
          -9.5835,
          10
        ]
      },
      "properties": {
        "source": "USGS",
        "evidenceType": "measured-detection",
        "magnitude": 4.9,
        "depthKm": 10,
        "observationUtc": "2026-09-28T13:38:40.724000Z",
        "observation_time": "2026-09-28T13:38:40.724000Z",
        "place": "22 km WNW of Malango, Solomon Islands",
        "title": "M 4.9 - 22 km WNW of Malango, Solomon Islands",
        "status": "reviewed",
        "eventUrl": "https://earthquake.usgs.gov/earthquakes/eventpage/us6000ty5b",
        "source_url": "https://earthquake.usgs.gov/earthquakes/eventpage/us6000ty5b",
        "detailUrl": "https://earthquake.usgs.gov/earthquakes/feed/v1.0/detail/us6000ty5b.geojson",
        "tsunami": false,
        "categories": [
          "Earthquakes"
        ]
      }
    },
    {
      "type": "Feature",
      "id": "nc75443827",
      "geometry": {
        "type": "Point",
        "coordinates": [
          -122.780166625977,
          38.8068351745605,
          3.05999994277954
        ]
      },
      "properties": {
        "source": "USGS",
        "evidenceType": "measured-detection",
        "magnitude": 0.82,
        "depthKm": 3.05999994277954,
        "observationUtc": "2026-09-28T13:32:23.350000Z",
        "observation_time": "2026-09-28T13:32:23.350000Z",
        "place": "4 km NNW of The Geysers, CA",
        "title": "M 0.8 - 4 km NNW of The Geysers, CA",
        "status": "automatic",
        "eventUrl": "https://earthquake.usgs.gov/earthquakes/eventpage/nc75443827",
        "source_url": "https://earthquake.usgs.gov/earthquakes/eventpage/nc75443827",
        "detailUrl": "https://earthquake.usgs.gov/earthquakes/feed/v1.0/detail/nc75443827.geojson",
        "tsunami": false,
        "categories": [
          "Earthquakes"
        ]
      }
    },
    {
      "type": "Feature",
      "id": "hv75044692",
      "geometry": {
        "type": "Point",
        "coordinates": [
          -155.511840820312,
          19.1373329162598,
          32.9000015258789
        ]
      },
      "properties": {
        "source": "USGS",
        "evidenceType": "measured-detection",
        "magnitude": 2.26,
        "depthKm": 32.9000015258789,
        "observationUtc": "2026-09-28T13:27:05.880000Z",
        "observation_time": "2026-09-28T13:27:05.880000Z",
        "place": "8 km SSW of Pāhala, Hawaii",
        "title": "M 2.3 - 8 km SSW of Pāhala, Hawaii",
        "status": "automatic",
        "eventUrl": "https://earthquake.usgs.gov/earthquakes/eventpage/hv75044692",
        "source_url": "https://earthquake.usgs.gov/earthquakes/eventpage/hv75044692",
        "detailUrl": "https://earthquake.usgs.gov/earthquakes/feed/v1.0/detail/hv75044692.geojson",
        "tsunami": false,
        "categories": [
          "Earthquakes"
        ]
      }
    },
    {
      "type": "Feature",
      "id": "us6000ty57",
      "geometry": {
        "type": "Point",
        "coordinates": [
          -7.1923,
          82.6385,
          10
        ]
      },
      "properties": {
        "source": "USGS",
        "evidenceType": "measured-detection",
        "magnitude": 5.4,
        "depthKm": 10,
        "observationUtc": "2026-09-28T13:22:39.769000Z",
        "observation_time": "2026-09-28T13:22:39.769000Z",
        "place": "north of Svalbard",
        "title": "M 5.4 - north of Svalbard",
        "status": "reviewed",
        "eventUrl": "https://earthquake.usgs.gov/earthquakes/eventpage/us6000ty57",
        "source_url": "https://earthquake.usgs.gov/earthquakes/eventpage/us6000ty57",
        "detailUrl": "https://earthquake.usgs.gov/earthquakes/feed/v1.0/detail/us6000ty57.geojson",
        "tsunami": false,
        "categories": [
          "Earthquakes"
        ]
      }
    },
    {
      "type": "Feature",
      "id": "aka2026tfsled",
      "geometry": {
        "type": "Point",
        "coordinates": [
          -148.775,
          63.767,
          114.2
        ]
      },
      "properties": {
        "source": "USGS",
        "evidenceType": "measured-detection",
        "magnitude": 3.1,
        "depthKm": 114.2,
        "observationUtc": "2026-09-28T13:15:28.116000Z",
        "observation_time": "2026-09-28T13:15:28.116000Z",
        "place": "7 km ENE of Denali Park, Alaska",
        "title": "M 3.1 - 7 km ENE of Denali Park, Alaska",
        "status": "automatic",
        "eventUrl": "https://earthquake.usgs.gov/earthquakes/eventpage/aka2026tfsled",
        "source_url": "https://earthquake.usgs.gov/earthquakes/eventpage/aka2026tfsled",
        "detailUrl": "https://earthquake.usgs.gov/earthquakes/feed/v1.0/detail/aka2026tfsled.geojson",
        "tsunami": false,
        "categories": [
          "Earthquakes"
        ]
      }
    },
    {
      "type": "Feature",
      "id": "aka2026tfrxpf",
      "geometry": {
        "type": "Point",
        "coordinates": [
          -155.716,
          57.927,
          15.5
        ]
      },
      "properties": {
        "source": "USGS",
        "evidenceType": "measured-detection",
        "magnitude": 1,
        "depthKm": 15.5,
        "observationUtc": "2026-09-28T12:59:48.301000Z",
        "observation_time": "2026-09-28T12:59:48.301000Z",
        "place": "85 km WNW of Karluk, Alaska",
        "title": "M 1.0 - 85 km WNW of Karluk, Alaska",
        "status": "automatic",
        "eventUrl": "https://earthquake.usgs.gov/earthquakes/eventpage/aka2026tfrxpf",
        "source_url": "https://earthquake.usgs.gov/earthquakes/eventpage/aka2026tfrxpf",
        "detailUrl": "https://earthquake.usgs.gov/earthquakes/feed/v1.0/detail/aka2026tfrxpf.geojson",
        "tsunami": false,
        "categories": [
          "Earthquakes"
        ]
      }
    },
    {
      "type": "Feature",
      "id": "nc75443797",
      "geometry": {
        "type": "Point",
        "coordinates": [
          -122.198165893555,
          37.2928352355957,
          1.89999997615814
        ]
      },
      "properties": {
        "source": "USGS",
        "evidenceType": "measured-detection",
        "magnitude": 1.26,
        "depthKm": 1.89999997615814,
        "observationUtc": "2026-09-28T12:57:55.010000Z",
        "observation_time": "2026-09-28T12:57:55.010000Z",
        "place": "11 km SSE of Portola Valley, CA",
        "title": "M 1.3 - 11 km SSE of Portola Valley, CA",
        "status": "automatic",
        "eventUrl": "https://earthquake.usgs.gov/earthquakes/eventpage/nc75443797",
        "source_url": "https://earthquake.usgs.gov/earthquakes/eventpage/nc75443797",
        "detailUrl": "https://earthquake.usgs.gov/earthquakes/feed/v1.0/detail/nc75443797.geojson",
        "tsunami": false,
        "categories": [
          "Earthquakes"
        ]
      }
    },
    {
      "type": "Feature",
      "id": "hv75044682",
      "geometry": {
        "type": "Point",
        "coordinates": [
          -155.505996704102,
          19.1141662597656,
          31.8999996185303
        ]
      },
      "properties": {
        "source": "USGS",
        "evidenceType": "measured-detection",
        "magnitude": 1.71,
        "depthKm": 31.8999996185303,
        "observationUtc": "2026-09-28T12:54:11.660000Z",
        "observation_time": "2026-09-28T12:54:11.660000Z",
        "place": "9 km ENE of Naalehu, Hawaii",
        "title": "M 1.7 - 9 km ENE of Naalehu, Hawaii",
        "status": "automatic",
        "eventUrl": "https://earthquake.usgs.gov/earthquakes/eventpage/hv75044682",
        "source_url": "https://earthquake.usgs.gov/earthquakes/eventpage/hv75044682",
        "detailUrl": "https://earthquake.usgs.gov/earthquakes/feed/v1.0/detail/hv75044682.geojson",
        "tsunami": false,
        "categories": [
          "Earthquakes"
        ]
      }
    },
    {
      "type": "Feature",
      "id": "hv75044662",
      "geometry": {
        "type": "Point",
        "coordinates": [
          -155.513000488281,
          19.132833480835,
          32.6399993896484
        ]
      },
      "properties": {
        "source": "USGS",
        "evidenceType": "measured-detection",
        "magnitude": 2.3,
        "depthKm": 32.6399993896484,
        "observationUtc": "2026-09-28T12:45:00.670000Z",
        "observation_time": "2026-09-28T12:45:00.670000Z",
        "place": "8 km SSW of Pāhala, Hawaii",
        "title": "M 2.3 - 8 km SSW of Pāhala, Hawaii",
        "status": "automatic",
        "eventUrl": "https://earthquake.usgs.gov/earthquakes/eventpage/hv75044662",
        "source_url": "https://earthquake.usgs.gov/earthquakes/eventpage/hv75044662",
        "detailUrl": "https://earthquake.usgs.gov/earthquakes/feed/v1.0/detail/hv75044662.geojson",
        "tsunami": false,
        "categories": [
          "Earthquakes"
        ]
      }
    },
    {
      "type": "Feature",
      "id": "hv75044657",
      "geometry": {
        "type": "Point",
        "coordinates": [
          -155.517669677734,
          19.1498336791992,
          33.0999984741211
        ]
      },
      "properties": {
        "source": "USGS",
        "evidenceType": "measured-detection",
        "magnitude": 2.51,
        "depthKm": 33.0999984741211,
        "observationUtc": "2026-09-28T12:31:34.130000Z",
        "observation_time": "2026-09-28T12:31:34.130000Z",
        "place": "7 km SW of Pāhala, Hawaii",
        "title": "M 2.5 - 7 km SW of Pāhala, Hawaii",
        "status": "automatic",
        "eventUrl": "https://earthquake.usgs.gov/earthquakes/eventpage/hv75044657",
        "source_url": "https://earthquake.usgs.gov/earthquakes/eventpage/hv75044657",
        "detailUrl": "https://earthquake.usgs.gov/earthquakes/feed/v1.0/detail/hv75044657.geojson",
        "tsunami": false,
        "categories": [
          "Earthquakes"
        ]
      }
    },
    {
      "type": "Feature",
      "id": "nc75443787",
      "geometry": {
        "type": "Point",
        "coordinates": [
          -122.796333312988,
          38.8224983215332,
          2.99000000953674
        ]
      },
      "properties": {
        "source": "USGS",
        "evidenceType": "measured-detection",
        "magnitude": 0.75,
        "depthKm": 2.99000000953674,
        "observationUtc": "2026-09-28T12:31:33.240000Z",
        "observation_time": "2026-09-28T12:31:33.240000Z",
        "place": "6 km NW of The Geysers, CA",
        "title": "M 0.8 - 6 km NW of The Geysers, CA",
        "status": "automatic",
        "eventUrl": "https://earthquake.usgs.gov/earthquakes/eventpage/nc75443787",
        "source_url": "https://earthquake.usgs.gov/earthquakes/eventpage/nc75443787",
        "detailUrl": "https://earthquake.usgs.gov/earthquakes/feed/v1.0/detail/nc75443787.geojson",
        "tsunami": false,
        "categories": [
          "Earthquakes"
        ]
      }
    },
    {
      "type": "Feature",
      "id": "hv75044637",
      "geometry": {
        "type": "Point",
        "coordinates": [
          -155.513000488281,
          19.1235008239746,
          32.75
        ]
      },
      "properties": {
        "source": "USGS",
        "evidenceType": "measured-detection",
        "magnitude": 1.78,
        "depthKm": 32.75,
        "observationUtc": "2026-09-28T12:21:59.230000Z",
        "observation_time": "2026-09-28T12:21:59.230000Z",
        "place": "9 km NE of Naalehu, Hawaii",
        "title": "M 1.8 - 9 km NE of Naalehu, Hawaii",
        "status": "automatic",
        "eventUrl": "https://earthquake.usgs.gov/earthquakes/eventpage/hv75044637",
        "source_url": "https://earthquake.usgs.gov/earthquakes/eventpage/hv75044637",
        "detailUrl": "https://earthquake.usgs.gov/earthquakes/feed/v1.0/detail/hv75044637.geojson",
        "tsunami": false,
        "categories": [
          "Earthquakes"
        ]
      }
    },
    {
      "type": "Feature",
      "id": "us6000ty4w",
      "geometry": {
        "type": "Point",
        "coordinates": [
          -178.4971,
          -20.6932,
          573.114
        ]
      },
      "properties": {
        "source": "USGS",
        "evidenceType": "measured-detection",
        "magnitude": 4.7,
        "depthKm": 573.114,
        "observationUtc": "2026-09-28T12:14:24.032000Z",
        "observation_time": "2026-09-28T12:14:24.032000Z",
        "place": "Fiji region",
        "title": "M 4.7 - Fiji region",
        "status": "reviewed",
        "eventUrl": "https://earthquake.usgs.gov/earthquakes/eventpage/us6000ty4w",
        "source_url": "https://earthquake.usgs.gov/earthquakes/eventpage/us6000ty4w",
        "detailUrl": "https://earthquake.usgs.gov/earthquakes/feed/v1.0/detail/us6000ty4w.geojson",
        "tsunami": false,
        "categories": [
          "Earthquakes"
        ]
      }
    },
    {
      "type": "Feature",
      "id": "ci41340215",
      "geometry": {
        "type": "Point",
        "coordinates": [
          -117.263,
          34.0636666666667,
          14.31
        ]
      },
      "properties": {
        "source": "USGS",
        "evidenceType": "measured-detection",
        "magnitude": 1.48,
        "depthKm": 14.31,
        "observationUtc": "2026-09-28T12:07:55.190000Z",
        "observation_time": "2026-09-28T12:07:55.190000Z",
        "place": "2 km N of Loma Linda, CA",
        "title": "M 1.5 - 2 km N of Loma Linda, CA",
        "status": "reviewed",
        "eventUrl": "https://earthquake.usgs.gov/earthquakes/eventpage/ci41340215",
        "source_url": "https://earthquake.usgs.gov/earthquakes/eventpage/ci41340215",
        "detailUrl": "https://earthquake.usgs.gov/earthquakes/feed/v1.0/detail/ci41340215.geojson",
        "tsunami": false,
        "categories": [
          "Earthquakes"
        ]
      }
    },
    {
      "type": "Feature",
      "id": "ci41340207",
      "geometry": {
        "type": "Point",
        "coordinates": [
          -116.379,
          33.3373333333333,
          9.67
        ]
      },
      "properties": {
        "source": "USGS",
        "evidenceType": "measured-detection",
        "magnitude": 0.68,
        "depthKm": 9.67,
        "observationUtc": "2026-09-28T12:04:56.310000Z",
        "observation_time": "2026-09-28T12:04:56.310000Z",
        "place": "9 km N of Borrego Springs, CA",
        "title": "M 0.7 - 9 km N of Borrego Springs, CA",
        "status": "reviewed",
        "eventUrl": "https://earthquake.usgs.gov/earthquakes/eventpage/ci41340207",
        "source_url": "https://earthquake.usgs.gov/earthquakes/eventpage/ci41340207",
        "detailUrl": "https://earthquake.usgs.gov/earthquakes/feed/v1.0/detail/ci41340207.geojson",
        "tsunami": false,
        "categories": [
          "Earthquakes"
        ]
      }
    },
    {
      "type": "Feature",
      "id": "aka2026tfpwrc",
      "geometry": {
        "type": "Point",
        "coordinates": [
          -155.153,
          58.228,
          12.2
        ]
      },
      "properties": {
        "source": "USGS",
        "evidenceType": "measured-detection",
        "magnitude": 1.3,
        "depthKm": 12.2,
        "observationUtc": "2026-09-28T11:58:45.294000Z",
        "observation_time": "2026-09-28T11:58:45.294000Z",
        "place": "84 km NNW of Karluk, Alaska",
        "title": "M 1.3 - 84 km NNW of Karluk, Alaska",
        "status": "automatic",
        "eventUrl": "https://earthquake.usgs.gov/earthquakes/eventpage/aka2026tfpwrc",
        "source_url": "https://earthquake.usgs.gov/earthquakes/eventpage/aka2026tfpwrc",
        "detailUrl": "https://earthquake.usgs.gov/earthquakes/feed/v1.0/detail/aka2026tfpwrc.geojson",
        "tsunami": false,
        "categories": [
          "Earthquakes"
        ]
      }
    },
    {
      "type": "Feature",
      "id": "hv75044617",
      "geometry": {
        "type": "Point",
        "coordinates": [
          -155.517166137695,
          19.1333332061768,
          33.2799987792969
        ]
      },
      "properties": {
        "source": "USGS",
        "evidenceType": "measured-detection",
        "magnitude": 2.38,
        "depthKm": 33.2799987792969,
        "observationUtc": "2026-09-28T11:57:06.710000Z",
        "observation_time": "2026-09-28T11:57:06.710000Z",
        "place": "8 km SSW of Pāhala, Hawaii",
        "title": "M 2.4 - 8 km SSW of Pāhala, Hawaii",
        "status": "automatic",
        "eventUrl": "https://earthquake.usgs.gov/earthquakes/eventpage/hv75044617",
        "source_url": "https://earthquake.usgs.gov/earthquakes/eventpage/hv75044617",
        "detailUrl": "https://earthquake.usgs.gov/earthquakes/feed/v1.0/detail/hv75044617.geojson",
        "tsunami": false,
        "categories": [
          "Earthquakes"
        ]
      }
    },
    {
      "type": "Feature",
      "id": "aka2026tfpvcg",
      "geometry": {
        "type": "Point",
        "coordinates": [
          -155.157,
          58.254,
          2.6
        ]
      },
      "properties": {
        "source": "USGS",
        "evidenceType": "measured-detection",
        "magnitude": 2,
        "depthKm": 2.6,
        "observationUtc": "2026-09-28T11:56:57.419000Z",
        "observation_time": "2026-09-28T11:56:57.419000Z",
        "place": "86 km NNW of Karluk, Alaska",
        "title": "M 2.0 - 86 km NNW of Karluk, Alaska",
        "status": "automatic",
        "eventUrl": "https://earthquake.usgs.gov/earthquakes/eventpage/aka2026tfpvcg",
        "source_url": "https://earthquake.usgs.gov/earthquakes/eventpage/aka2026tfpvcg",
        "detailUrl": "https://earthquake.usgs.gov/earthquakes/feed/v1.0/detail/aka2026tfpvcg.geojson",
        "tsunami": false,
        "categories": [
          "Earthquakes"
        ]
      }
    },
    {
      "type": "Feature",
      "id": "aka2026tfplzt",
      "geometry": {
        "type": "Point",
        "coordinates": [
          -148.078,
          62.938,
          16.6
        ]
      },
      "properties": {
        "source": "USGS",
        "evidenceType": "measured-detection",
        "magnitude": 3.9,
        "depthKm": 16.6,
        "observationUtc": "2026-09-28T11:46:26.860000Z",
        "observation_time": "2026-09-28T11:46:26.860000Z",
        "place": "67 km SE of Cantwell, Alaska",
        "title": "M 3.9 - 67 km SE of Cantwell, Alaska",
        "status": "automatic",
        "eventUrl": "https://earthquake.usgs.gov/earthquakes/eventpage/aka2026tfplzt",
        "source_url": "https://earthquake.usgs.gov/earthquakes/eventpage/aka2026tfplzt",
        "detailUrl": "https://earthquake.usgs.gov/earthquakes/feed/v1.0/detail/aka2026tfplzt.geojson",
        "tsunami": false,
        "categories": [
          "Earthquakes"
        ]
      }
    },
    {
      "type": "Feature",
      "id": "ci41340199",
      "geometry": {
        "type": "Point",
        "coordinates": [
          -116.521833333333,
          33.1501666666667,
          6.16
        ]
      },
      "properties": {
        "source": "USGS",
        "evidenceType": "measured-detection",
        "magnitude": 0.55,
        "depthKm": 6.16,
        "observationUtc": "2026-09-28T11:39:33.790000Z",
        "observation_time": "2026-09-28T11:39:33.790000Z",
        "place": "11 km NE of Julian, CA",
        "title": "M 0.6 - 11 km NE of Julian, CA",
        "status": "reviewed",
        "eventUrl": "https://earthquake.usgs.gov/earthquakes/eventpage/ci41340199",
        "source_url": "https://earthquake.usgs.gov/earthquakes/eventpage/ci41340199",
        "detailUrl": "https://earthquake.usgs.gov/earthquakes/feed/v1.0/detail/ci41340199.geojson",
        "tsunami": false,
        "categories": [
          "Earthquakes"
        ]
      }
    },
    {
      "type": "Feature",
      "id": "hv75044602",
      "geometry": {
        "type": "Point",
        "coordinates": [
          -155.507995605469,
          19.1291675567627,
          32.7200012207031
        ]
      },
      "properties": {
        "source": "USGS",
        "evidenceType": "measured-detection",
        "magnitude": 2.12,
        "depthKm": 32.7200012207031,
        "observationUtc": "2026-09-28T11:38:32.480000Z",
        "observation_time": "2026-09-28T11:38:32.480000Z",
        "place": "8 km SSW of Pāhala, Hawaii",
        "title": "M 2.1 - 8 km SSW of Pāhala, Hawaii",
        "status": "automatic",
        "eventUrl": "https://earthquake.usgs.gov/earthquakes/eventpage/hv75044602",
        "source_url": "https://earthquake.usgs.gov/earthquakes/eventpage/hv75044602",
        "detailUrl": "https://earthquake.usgs.gov/earthquakes/feed/v1.0/detail/hv75044602.geojson",
        "tsunami": false,
        "categories": [
          "Earthquakes"
        ]
      }
    },
    {
      "type": "Feature",
      "id": "hv75044597",
      "geometry": {
        "type": "Point",
        "coordinates": [
          -155.522827148438,
          19.1381664276123,
          33.0499992370605
        ]
      },
      "properties": {
        "source": "USGS",
        "evidenceType": "measured-detection",
        "magnitude": 2.78,
        "depthKm": 33.0499992370605,
        "observationUtc": "2026-09-28T11:35:25.560000Z",
        "observation_time": "2026-09-28T11:35:25.560000Z",
        "place": "8 km SSW of Pāhala, Hawaii",
        "title": "M 2.8 - 8 km SSW of Pāhala, Hawaii",
        "status": "automatic",
        "eventUrl": "https://earthquake.usgs.gov/earthquakes/eventpage/hv75044597",
        "source_url": "https://earthquake.usgs.gov/earthquakes/eventpage/hv75044597",
        "detailUrl": "https://earthquake.usgs.gov/earthquakes/feed/v1.0/detail/hv75044597.geojson",
        "tsunami": false,
        "categories": [
          "Earthquakes"
        ]
      }
    },
    {
      "type": "Feature",
      "id": "nn00924988",
      "geometry": {
        "type": "Point",
        "coordinates": [
          -115.229,
          37.0643,
          4.1365
        ]
      },
      "properties": {
        "source": "USGS",
        "evidenceType": "measured-detection",
        "magnitude": 1.55,
        "depthKm": 4.1365,
        "observationUtc": "2026-09-28T11:20:26.265000Z",
        "observation_time": "2026-09-28T11:20:26.265000Z",
        "place": "33 km S of Alamo, Nevada",
        "title": "M 1.6 - 33 km S of Alamo, Nevada",
        "status": "automatic",
        "eventUrl": "https://earthquake.usgs.gov/earthquakes/eventpage/nn00924988",
        "source_url": "https://earthquake.usgs.gov/earthquakes/eventpage/nn00924988",
        "detailUrl": "https://earthquake.usgs.gov/earthquakes/feed/v1.0/detail/nn00924988.geojson",
        "tsunami": false,
        "categories": [
          "Earthquakes"
        ]
      }
    },
    {
      "type": "Feature",
      "id": "nc75443767",
      "geometry": {
        "type": "Point",
        "coordinates": [
          -122.799003601074,
          38.8368339538574,
          2.11999988555908
        ]
      },
      "properties": {
        "source": "USGS",
        "evidenceType": "measured-detection",
        "magnitude": 0.8,
        "depthKm": 2.11999988555908,
        "observationUtc": "2026-09-28T11:19:02.950000Z",
        "observation_time": "2026-09-28T11:19:02.950000Z",
        "place": "7 km WNW of Cobb, CA",
        "title": "M 0.8 - 7 km WNW of Cobb, CA",
        "status": "automatic",
        "eventUrl": "https://earthquake.usgs.gov/earthquakes/eventpage/nc75443767",
        "source_url": "https://earthquake.usgs.gov/earthquakes/eventpage/nc75443767",
        "detailUrl": "https://earthquake.usgs.gov/earthquakes/feed/v1.0/detail/nc75443767.geojson",
        "tsunami": false,
        "categories": [
          "Earthquakes"
        ]
      }
    },
    {
      "type": "Feature",
      "id": "ci41340191",
      "geometry": {
        "type": "Point",
        "coordinates": [
          -119.137,
          35.0068333333333,
          13.69
        ]
      },
      "properties": {
        "source": "USGS",
        "evidenceType": "measured-detection",
        "magnitude": 1.04,
        "depthKm": 13.69,
        "observationUtc": "2026-09-28T11:14:14.110000Z",
        "observation_time": "2026-09-28T11:14:14.110000Z",
        "place": "18 km N of Pine Mountain Club, CA",
        "title": "M 1.0 - 18 km N of Pine Mountain Club, CA",
        "status": "automatic",
        "eventUrl": "https://earthquake.usgs.gov/earthquakes/eventpage/ci41340191",
        "source_url": "https://earthquake.usgs.gov/earthquakes/eventpage/ci41340191",
        "detailUrl": "https://earthquake.usgs.gov/earthquakes/feed/v1.0/detail/ci41340191.geojson",
        "tsunami": false,
        "categories": [
          "Earthquakes"
        ]
      }
    },
    {
      "type": "Feature",
      "id": "nm60506373",
      "geometry": {
        "type": "Point",
        "coordinates": [
          -92.1641666666667,
          35.201,
          2.21
        ]
      },
      "properties": {
        "source": "USGS",
        "evidenceType": "measured-detection",
        "magnitude": 2.09,
        "depthKm": 2.21,
        "observationUtc": "2026-09-28T10:55:05.890000Z",
        "observation_time": "2026-09-28T10:55:05.890000Z",
        "place": "3 km E of Enola, Arkansas",
        "title": "M 2.1 - 3 km E of Enola, Arkansas",
        "status": "reviewed",
        "eventUrl": "https://earthquake.usgs.gov/earthquakes/eventpage/nm60506373",
        "source_url": "https://earthquake.usgs.gov/earthquakes/eventpage/nm60506373",
        "detailUrl": "https://earthquake.usgs.gov/earthquakes/feed/v1.0/detail/nm60506373.geojson",
        "tsunami": false,
        "categories": [
          "Earthquakes"
        ]
      }
    },
    {
      "type": "Feature",
      "id": "pr2026271000",
      "geometry": {
        "type": "Point",
        "coordinates": [
          -68.7173,
          18.4086,
          153
        ]
      },
      "properties": {
        "source": "USGS",
        "evidenceType": "measured-detection",
        "magnitude": 3.8,
        "depthKm": 153,
        "observationUtc": "2026-09-28T10:54:05.830000Z",
        "observation_time": "2026-09-28T10:54:05.830000Z",
        "place": "5 km WSW of San Rafael del Yuma, Dominican Republic",
        "title": "M 3.8 - 5 km WSW of San Rafael del Yuma, Dominican Republic",
        "status": "reviewed",
        "eventUrl": "https://earthquake.usgs.gov/earthquakes/eventpage/pr2026271000",
        "source_url": "https://earthquake.usgs.gov/earthquakes/eventpage/pr2026271000",
        "detailUrl": "https://earthquake.usgs.gov/earthquakes/feed/v1.0/detail/pr2026271000.geojson",
        "tsunami": false,
        "categories": [
          "Earthquakes"
        ]
      }
    },
    {
      "type": "Feature",
      "id": "uw714110822",
      "geometry": {
        "type": "Point",
        "coordinates": [
          -121.776168823242,
          47.4476661682129,
          21.5900001525879
        ]
      },
      "properties": {
        "source": "USGS",
        "evidenceType": "measured-detection",
        "magnitude": 1.74914574623108,
        "depthKm": 21.5900001525879,
        "observationUtc": "2026-09-28T10:47:48.830000Z",
        "observation_time": "2026-09-28T10:47:48.830000Z",
        "place": "0 km W of Wilderness Rim, Washington",
        "title": "M 1.7 - 0 km W of Wilderness Rim, Washington",
        "status": "automatic",
        "eventUrl": "https://earthquake.usgs.gov/earthquakes/eventpage/uw714110822",
        "source_url": "https://earthquake.usgs.gov/earthquakes/eventpage/uw714110822",
        "detailUrl": "https://earthquake.usgs.gov/earthquakes/feed/v1.0/detail/uw714110822.geojson",
        "tsunami": false,
        "categories": [
          "Earthquakes"
        ]
      }
    },
    {
      "type": "Feature",
      "id": "nc75443762",
      "geometry": {
        "type": "Point",
        "coordinates": [
          -122.796669006348,
          38.8166656494141,
          2.91000008583069
        ]
      },
      "properties": {
        "source": "USGS",
        "evidenceType": "measured-detection",
        "magnitude": 0.76,
        "depthKm": 2.91000008583069,
        "observationUtc": "2026-09-28T10:47:23.590000Z",
        "observation_time": "2026-09-28T10:47:23.590000Z",
        "place": "6 km NW of The Geysers, CA",
        "title": "M 0.8 - 6 km NW of The Geysers, CA",
        "status": "automatic",
        "eventUrl": "https://earthquake.usgs.gov/earthquakes/eventpage/nc75443762",
        "source_url": "https://earthquake.usgs.gov/earthquakes/eventpage/nc75443762",
        "detailUrl": "https://earthquake.usgs.gov/earthquakes/feed/v1.0/detail/nc75443762.geojson",
        "tsunami": false,
        "categories": [
          "Earthquakes"
        ]
      }
    },
    {
      "type": "Feature",
      "id": "ci41340175",
      "geometry": {
        "type": "Point",
        "coordinates": [
          -117.803166666667,
          35.3318333333333,
          6.77
        ]
      },
      "properties": {
        "source": "USGS",
        "evidenceType": "measured-detection",
        "magnitude": 1.79,
        "depthKm": 6.77,
        "observationUtc": "2026-09-28T10:42:34.760000Z",
        "observation_time": "2026-09-28T10:42:34.760000Z",
        "place": "16 km WSW of Johannesburg, CA",
        "title": "M 1.8 - 16 km WSW of Johannesburg, CA",
        "status": "reviewed",
        "eventUrl": "https://earthquake.usgs.gov/earthquakes/eventpage/ci41340175",
        "source_url": "https://earthquake.usgs.gov/earthquakes/eventpage/ci41340175",
        "detailUrl": "https://earthquake.usgs.gov/earthquakes/feed/v1.0/detail/ci41340175.geojson",
        "tsunami": false,
        "categories": [
          "Earthquakes"
        ]
      }
    },
    {
      "type": "Feature",
      "id": "nc75443752",
      "geometry": {
        "type": "Point",
        "coordinates": [
          -122.848999023438,
          38.8443336486816,
          4.05000019073486
        ]
      },
      "properties": {
        "source": "USGS",
        "evidenceType": "measured-detection",
        "magnitude": 0.29,
        "depthKm": 4.05000019073486,
        "observationUtc": "2026-09-28T10:41:19.250000Z",
        "observation_time": "2026-09-28T10:41:19.250000Z",
        "place": "11 km NW of The Geysers, CA",
        "title": "M 0.3 - 11 km NW of The Geysers, CA",
        "status": "automatic",
        "eventUrl": "https://earthquake.usgs.gov/earthquakes/eventpage/nc75443752",
        "source_url": "https://earthquake.usgs.gov/earthquakes/eventpage/nc75443752",
        "detailUrl": "https://earthquake.usgs.gov/earthquakes/feed/v1.0/detail/nc75443752.geojson",
        "tsunami": false,
        "categories": [
          "Earthquakes"
        ]
      }
    },
    {
      "type": "Feature",
      "id": "hv75044582",
      "geometry": {
        "type": "Point",
        "coordinates": [
          -155.501007080078,
          19.1136665344238,
          32.1500015258789
        ]
      },
      "properties": {
        "source": "USGS",
        "evidenceType": "measured-detection",
        "magnitude": 1.71,
        "depthKm": 32.1500015258789,
        "observationUtc": "2026-09-28T10:36:27.140000Z",
        "observation_time": "2026-09-28T10:36:27.140000Z",
        "place": "9 km ENE of Naalehu, Hawaii",
        "title": "M 1.7 - 9 km ENE of Naalehu, Hawaii",
        "status": "automatic",
        "eventUrl": "https://earthquake.usgs.gov/earthquakes/eventpage/hv75044582",
        "source_url": "https://earthquake.usgs.gov/earthquakes/eventpage/hv75044582",
        "detailUrl": "https://earthquake.usgs.gov/earthquakes/feed/v1.0/detail/hv75044582.geojson",
        "tsunami": false,
        "categories": [
          "Earthquakes"
        ]
      }
    },
    {
      "type": "Feature",
      "id": "aka2026tfnbbr",
      "geometry": {
        "type": "Point",
        "coordinates": [
          -151.026,
          65.813,
          7.2
        ]
      },
      "properties": {
        "source": "USGS",
        "evidenceType": "measured-detection",
        "magnitude": 1.4,
        "depthKm": 7.2,
        "observationUtc": "2026-09-28T10:33:53.435000Z",
        "observation_time": "2026-09-28T10:33:53.435000Z",
        "place": "52 km NW of Rampart, Alaska",
        "title": "M 1.4 - 52 km NW of Rampart, Alaska",
        "status": "automatic",
        "eventUrl": "https://earthquake.usgs.gov/earthquakes/eventpage/aka2026tfnbbr",
        "source_url": "https://earthquake.usgs.gov/earthquakes/eventpage/aka2026tfnbbr",
        "detailUrl": "https://earthquake.usgs.gov/earthquakes/feed/v1.0/detail/aka2026tfnbbr.geojson",
        "tsunami": false,
        "categories": [
          "Earthquakes"
        ]
      }
    },
    {
      "type": "Feature",
      "id": "nc75443742",
      "geometry": {
        "type": "Point",
        "coordinates": [
          -120.605499267578,
          36.0326652526855,
          0.349999994039536
        ]
      },
      "properties": {
        "source": "USGS",
        "evidenceType": "measured-detection",
        "magnitude": 0.66,
        "depthKm": 0.349999994039536,
        "observationUtc": "2026-09-28T10:22:40.870000Z",
        "observation_time": "2026-09-28T10:22:40.870000Z",
        "place": "22 km NW of Parkfield, CA",
        "title": "M 0.7 - 22 km NW of Parkfield, CA",
        "status": "automatic",
        "eventUrl": "https://earthquake.usgs.gov/earthquakes/eventpage/nc75443742",
        "source_url": "https://earthquake.usgs.gov/earthquakes/eventpage/nc75443742",
        "detailUrl": "https://earthquake.usgs.gov/earthquakes/feed/v1.0/detail/nc75443742.geojson",
        "tsunami": false,
        "categories": [
          "Earthquakes"
        ]
      }
    },
    {
      "type": "Feature",
      "id": "hv75044567",
      "geometry": {
        "type": "Point",
        "coordinates": [
          -155.512161254883,
          19.1331672668457,
          32.3800010681152
        ]
      },
      "properties": {
        "source": "USGS",
        "evidenceType": "measured-detection",
        "magnitude": 2.09,
        "depthKm": 32.3800010681152,
        "observationUtc": "2026-09-28T10:20:13.960000Z",
        "observation_time": "2026-09-28T10:20:13.960000Z",
        "place": "8 km SSW of Pāhala, Hawaii",
        "title": "M 2.1 - 8 km SSW of Pāhala, Hawaii",
        "status": "automatic",
        "eventUrl": "https://earthquake.usgs.gov/earthquakes/eventpage/hv75044567",
        "source_url": "https://earthquake.usgs.gov/earthquakes/eventpage/hv75044567",
        "detailUrl": "https://earthquake.usgs.gov/earthquakes/feed/v1.0/detail/hv75044567.geojson",
        "tsunami": false,
        "categories": [
          "Earthquakes"
        ]
      }
    },
    {
      "type": "Feature",
      "id": "pr71534978",
      "geometry": {
        "type": "Point",
        "coordinates": [
          -65.604,
          18.7321666666667,
          24.11
        ]
      },
      "properties": {
        "source": "USGS",
        "evidenceType": "measured-detection",
        "magnitude": 2.86,
        "depthKm": 24.11,
        "observationUtc": "2026-09-28T10:13:38.810000Z",
        "observation_time": "2026-09-28T10:13:38.810000Z",
        "place": "41 km NNE of Luquillo, Puerto Rico",
        "title": "M 2.9 - 41 km NNE of Luquillo, Puerto Rico",
        "status": "reviewed",
        "eventUrl": "https://earthquake.usgs.gov/earthquakes/eventpage/pr71534978",
        "source_url": "https://earthquake.usgs.gov/earthquakes/eventpage/pr71534978",
        "detailUrl": "https://earthquake.usgs.gov/earthquakes/feed/v1.0/detail/pr71534978.geojson",
        "tsunami": false,
        "categories": [
          "Earthquakes"
        ]
      }
    },
    {
      "type": "Feature",
      "id": "nc75443737",
      "geometry": {
        "type": "Point",
        "coordinates": [
          -122.806167602539,
          38.8354988098145,
          2.05999994277954
        ]
      },
      "properties": {
        "source": "USGS",
        "evidenceType": "measured-detection",
        "magnitude": 0.75,
        "depthKm": 2.05999994277954,
        "observationUtc": "2026-09-28T10:11:39.970000Z",
        "observation_time": "2026-09-28T10:11:39.970000Z",
        "place": "7 km WNW of Cobb, CA",
        "title": "M 0.8 - 7 km WNW of Cobb, CA",
        "status": "automatic",
        "eventUrl": "https://earthquake.usgs.gov/earthquakes/eventpage/nc75443737",
        "source_url": "https://earthquake.usgs.gov/earthquakes/eventpage/nc75443737",
        "detailUrl": "https://earthquake.usgs.gov/earthquakes/feed/v1.0/detail/nc75443737.geojson",
        "tsunami": false,
        "categories": [
          "Earthquakes"
        ]
      }
    },
    {
      "type": "Feature",
      "id": "aka2026tfmepo",
      "geometry": {
        "type": "Point",
        "coordinates": [
          -155.171,
          58.237,
          5
        ]
      },
      "properties": {
        "source": "USGS",
        "evidenceType": "measured-detection",
        "magnitude": 0.7,
        "depthKm": 5,
        "observationUtc": "2026-09-28T10:07:58.995000Z",
        "observation_time": "2026-09-28T10:07:58.995000Z",
        "place": "85 km NNW of Karluk, Alaska",
        "title": "M 0.7 - 85 km NNW of Karluk, Alaska",
        "status": "automatic",
        "eventUrl": "https://earthquake.usgs.gov/earthquakes/eventpage/aka2026tfmepo",
        "source_url": "https://earthquake.usgs.gov/earthquakes/eventpage/aka2026tfmepo",
        "detailUrl": "https://earthquake.usgs.gov/earthquakes/feed/v1.0/detail/aka2026tfmepo.geojson",
        "tsunami": false,
        "categories": [
          "Earthquakes"
        ]
      }
    },
    {
      "type": "Feature",
      "id": "aka2026tfmbkh",
      "geometry": {
        "type": "Point",
        "coordinates": [
          -155.205,
          58.242,
          5
        ]
      },
      "properties": {
        "source": "USGS",
        "evidenceType": "measured-detection",
        "magnitude": 0.6,
        "depthKm": 5,
        "observationUtc": "2026-09-28T10:04:17.121000Z",
        "observation_time": "2026-09-28T10:04:17.121000Z",
        "place": "87 km NNW of Karluk, Alaska",
        "title": "M 0.6 - 87 km NNW of Karluk, Alaska",
        "status": "automatic",
        "eventUrl": "https://earthquake.usgs.gov/earthquakes/eventpage/aka2026tfmbkh",
        "source_url": "https://earthquake.usgs.gov/earthquakes/eventpage/aka2026tfmbkh",
        "detailUrl": "https://earthquake.usgs.gov/earthquakes/feed/v1.0/detail/aka2026tfmbkh.geojson",
        "tsunami": false,
        "categories": [
          "Earthquakes"
        ]
      }
    },
    {
      "type": "Feature",
      "id": "aka2026tfkxeo",
      "geometry": {
        "type": "Point",
        "coordinates": [
          -150.687,
          61.349,
          54.9
        ]
      },
      "properties": {
        "source": "USGS",
        "evidenceType": "measured-detection",
        "magnitude": 2.5,
        "depthKm": 54.9,
        "observationUtc": "2026-09-28T09:29:27.195000Z",
        "observation_time": "2026-09-28T09:29:27.195000Z",
        "place": "23 km SSW of Susitna, Alaska",
        "title": "M 2.5 - 23 km SSW of Susitna, Alaska",
        "status": "automatic",
        "eventUrl": "https://earthquake.usgs.gov/earthquakes/eventpage/aka2026tfkxeo",
        "source_url": "https://earthquake.usgs.gov/earthquakes/eventpage/aka2026tfkxeo",
        "detailUrl": "https://earthquake.usgs.gov/earthquakes/feed/v1.0/detail/aka2026tfkxeo.geojson",
        "tsunami": false,
        "categories": [
          "Earthquakes"
        ]
      }
    },
    {
      "type": "Feature",
      "id": "nc75443732",
      "geometry": {
        "type": "Point",
        "coordinates": [
          -122.853332519531,
          38.8293342590332,
          1.97000002861023
        ]
      },
      "properties": {
        "source": "USGS",
        "evidenceType": "measured-detection",
        "magnitude": 1.51,
        "depthKm": 1.97000002861023,
        "observationUtc": "2026-09-28T09:25:26.750000Z",
        "observation_time": "2026-09-28T09:25:26.750000Z",
        "place": "10 km NW of The Geysers, CA",
        "title": "M 1.5 - 10 km NW of The Geysers, CA",
        "status": "automatic",
        "eventUrl": "https://earthquake.usgs.gov/earthquakes/eventpage/nc75443732",
        "source_url": "https://earthquake.usgs.gov/earthquakes/eventpage/nc75443732",
        "detailUrl": "https://earthquake.usgs.gov/earthquakes/feed/v1.0/detail/nc75443732.geojson",
        "tsunami": false,
        "categories": [
          "Earthquakes"
        ]
      }
    },
    {
      "type": "Feature",
      "id": "aka2026tfkovw",
      "geometry": {
        "type": "Point",
        "coordinates": [
          -149.092,
          61.737,
          83.7
        ]
      },
      "properties": {
        "source": "USGS",
        "evidenceType": "measured-detection",
        "magnitude": 1.3,
        "depthKm": 83.7,
        "observationUtc": "2026-09-28T09:19:48.978000Z",
        "observation_time": "2026-09-28T09:19:48.978000Z",
        "place": "2 km N of Buffalo Soapstone, Alaska",
        "title": "M 1.3 - 2 km N of Buffalo Soapstone, Alaska",
        "status": "automatic",
        "eventUrl": "https://earthquake.usgs.gov/earthquakes/eventpage/aka2026tfkovw",
        "source_url": "https://earthquake.usgs.gov/earthquakes/eventpage/aka2026tfkovw",
        "detailUrl": "https://earthquake.usgs.gov/earthquakes/feed/v1.0/detail/aka2026tfkovw.geojson",
        "tsunami": false,
        "categories": [
          "Earthquakes"
        ]
      }
    },
    {
      "type": "Feature",
      "id": "us6000ty43",
      "geometry": {
        "type": "Point",
        "coordinates": [
          -129.6785,
          50.171,
          10
        ]
      },
      "properties": {
        "source": "USGS",
        "evidenceType": "measured-detection",
        "magnitude": 5.2,
        "depthKm": 10,
        "observationUtc": "2026-09-28T09:13:39.402000Z",
        "observation_time": "2026-09-28T09:13:39.402000Z",
        "place": "190 km WSW of Port McNeill, Canada",
        "title": "M 5.2 - 190 km WSW of Port McNeill, Canada",
        "status": "reviewed",
        "eventUrl": "https://earthquake.usgs.gov/earthquakes/eventpage/us6000ty43",
        "source_url": "https://earthquake.usgs.gov/earthquakes/eventpage/us6000ty43",
        "detailUrl": "https://earthquake.usgs.gov/earthquakes/feed/v1.0/detail/us6000ty43.geojson",
        "tsunami": true,
        "categories": [
          "Earthquakes"
        ]
      }
    },
    {
      "type": "Feature",
      "id": "nc75443727",
      "geometry": {
        "type": "Point",
        "coordinates": [
          -120.616500854492,
          36.0359992980957,
          8.36999988555908
        ]
      },
      "properties": {
        "source": "USGS",
        "evidenceType": "measured-detection",
        "magnitude": 0.51,
        "depthKm": 8.36999988555908,
        "observationUtc": "2026-09-28T08:59:29.830000Z",
        "observation_time": "2026-09-28T08:59:29.830000Z",
        "place": "23 km NW of Parkfield, CA",
        "title": "M 0.5 - 23 km NW of Parkfield, CA",
        "status": "automatic",
        "eventUrl": "https://earthquake.usgs.gov/earthquakes/eventpage/nc75443727",
        "source_url": "https://earthquake.usgs.gov/earthquakes/eventpage/nc75443727",
        "detailUrl": "https://earthquake.usgs.gov/earthquakes/feed/v1.0/detail/nc75443727.geojson",
        "tsunami": false,
        "categories": [
          "Earthquakes"
        ]
      }
    },
    {
      "type": "Feature",
      "id": "aka2026tfjwig",
      "geometry": {
        "type": "Point",
        "coordinates": [
          -146.463,
          61.587,
          20.3
        ]
      },
      "properties": {
        "source": "USGS",
        "evidenceType": "measured-detection",
        "magnitude": 1.9,
        "depthKm": 20.3,
        "observationUtc": "2026-09-28T08:58:27.334000Z",
        "observation_time": "2026-09-28T08:58:27.334000Z",
        "place": "47 km SSE of Nelchina, Alaska",
        "title": "M 1.9 - 47 km SSE of Nelchina, Alaska",
        "status": "automatic",
        "eventUrl": "https://earthquake.usgs.gov/earthquakes/eventpage/aka2026tfjwig",
        "source_url": "https://earthquake.usgs.gov/earthquakes/eventpage/aka2026tfjwig",
        "detailUrl": "https://earthquake.usgs.gov/earthquakes/feed/v1.0/detail/aka2026tfjwig.geojson",
        "tsunami": false,
        "categories": [
          "Earthquakes"
        ]
      }
    },
    {
      "type": "Feature",
      "id": "nc75443722",
      "geometry": {
        "type": "Point",
        "coordinates": [
          -122.836334228516,
          38.748664855957,
          5.17000007629395
        ]
      },
      "properties": {
        "source": "USGS",
        "evidenceType": "measured-detection",
        "magnitude": 1.43,
        "depthKm": 5.17000007629395,
        "observationUtc": "2026-09-28T08:53:59.470000Z",
        "observation_time": "2026-09-28T08:53:59.470000Z",
        "place": "8 km WSW of The Geysers, CA",
        "title": "M 1.4 - 8 km WSW of The Geysers, CA",
        "status": "automatic",
        "eventUrl": "https://earthquake.usgs.gov/earthquakes/eventpage/nc75443722",
        "source_url": "https://earthquake.usgs.gov/earthquakes/eventpage/nc75443722",
        "detailUrl": "https://earthquake.usgs.gov/earthquakes/feed/v1.0/detail/nc75443722.geojson",
        "tsunami": false,
        "categories": [
          "Earthquakes"
        ]
      }
    },
    {
      "type": "Feature",
      "id": "us6000ty40",
      "geometry": {
        "type": "Point",
        "coordinates": [
          -126.8377,
          42.2555,
          10
        ]
      },
      "properties": {
        "source": "USGS",
        "evidenceType": "measured-detection",
        "magnitude": 2.7,
        "depthKm": 10,
        "observationUtc": "2026-09-28T08:45:20.234000Z",
        "observation_time": "2026-09-28T08:45:20.234000Z",
        "place": "199 km W of Gold Beach, Oregon",
        "title": "M 2.7 - 199 km W of Gold Beach, Oregon",
        "status": "reviewed",
        "eventUrl": "https://earthquake.usgs.gov/earthquakes/eventpage/us6000ty40",
        "source_url": "https://earthquake.usgs.gov/earthquakes/eventpage/us6000ty40",
        "detailUrl": "https://earthquake.usgs.gov/earthquakes/feed/v1.0/detail/us6000ty40.geojson",
        "tsunami": false,
        "categories": [
          "Earthquakes"
        ]
      }
    },
    {
      "type": "Feature",
      "id": "nc75443712",
      "geometry": {
        "type": "Point",
        "coordinates": [
          -122.829666137695,
          38.816333770752,
          15.9099998474121
        ]
      },
      "properties": {
        "source": "USGS",
        "evidenceType": "measured-detection",
        "magnitude": 0.87,
        "depthKm": 15.9099998474121,
        "observationUtc": "2026-09-28T08:41:33.860000Z",
        "observation_time": "2026-09-28T08:41:33.860000Z",
        "place": "8 km NW of The Geysers, CA",
        "title": "M 0.9 - 8 km NW of The Geysers, CA",
        "status": "automatic",
        "eventUrl": "https://earthquake.usgs.gov/earthquakes/eventpage/nc75443712",
        "source_url": "https://earthquake.usgs.gov/earthquakes/eventpage/nc75443712",
        "detailUrl": "https://earthquake.usgs.gov/earthquakes/feed/v1.0/detail/nc75443712.geojson",
        "tsunami": false,
        "categories": [
          "Earthquakes"
        ]
      }
    },
    {
      "type": "Feature",
      "id": "hv75044547",
      "geometry": {
        "type": "Point",
        "coordinates": [
          -155.878494262695,
          19.3558330535889,
          5.38000011444092
        ]
      },
      "properties": {
        "source": "USGS",
        "evidenceType": "measured-detection",
        "magnitude": 2.02,
        "depthKm": 5.38000011444092,
        "observationUtc": "2026-09-28T08:36:11.450000Z",
        "observation_time": "2026-09-28T08:36:11.450000Z",
        "place": "11 km S of Honaunau-Napoopoo, Hawaii",
        "title": "M 2.0 - 11 km S of Honaunau-Napoopoo, Hawaii",
        "status": "automatic",
        "eventUrl": "https://earthquake.usgs.gov/earthquakes/eventpage/hv75044547",
        "source_url": "https://earthquake.usgs.gov/earthquakes/eventpage/hv75044547",
        "detailUrl": "https://earthquake.usgs.gov/earthquakes/feed/v1.0/detail/hv75044547.geojson",
        "tsunami": false,
        "categories": [
          "Earthquakes"
        ]
      }
    },
    {
      "type": "Feature",
      "id": "ci41340167",
      "geometry": {
        "type": "Point",
        "coordinates": [
          -119.611833333333,
          34.9101666666667,
          10.33
        ]
      },
      "properties": {
        "source": "USGS",
        "evidenceType": "measured-detection",
        "magnitude": 1.1,
        "depthKm": 10.33,
        "observationUtc": "2026-09-28T08:25:36.230000Z",
        "observation_time": "2026-09-28T08:25:36.230000Z",
        "place": "25 km SW of Maricopa, CA",
        "title": "M 1.1 - 25 km SW of Maricopa, CA",
        "status": "automatic",
        "eventUrl": "https://earthquake.usgs.gov/earthquakes/eventpage/ci41340167",
        "source_url": "https://earthquake.usgs.gov/earthquakes/eventpage/ci41340167",
        "detailUrl": "https://earthquake.usgs.gov/earthquakes/feed/v1.0/detail/ci41340167.geojson",
        "tsunami": false,
        "categories": [
          "Earthquakes"
        ]
      }
    },
    {
      "type": "Feature",
      "id": "ci41340159",
      "geometry": {
        "type": "Point",
        "coordinates": [
          -116.853166666667,
          34.033,
          12.29
        ]
      },
      "properties": {
        "source": "USGS",
        "evidenceType": "measured-detection",
        "magnitude": 0.76,
        "depthKm": 12.29,
        "observationUtc": "2026-09-28T08:17:34.400000Z",
        "observation_time": "2026-09-28T08:17:34.400000Z",
        "place": "12 km N of Banning, CA",
        "title": "M 0.8 - 12 km N of Banning, CA",
        "status": "reviewed",
        "eventUrl": "https://earthquake.usgs.gov/earthquakes/eventpage/ci41340159",
        "source_url": "https://earthquake.usgs.gov/earthquakes/eventpage/ci41340159",
        "detailUrl": "https://earthquake.usgs.gov/earthquakes/feed/v1.0/detail/ci41340159.geojson",
        "tsunami": false,
        "categories": [
          "Earthquakes"
        ]
      }
    },
    {
      "type": "Feature",
      "id": "us6000ty3w",
      "geometry": {
        "type": "Point",
        "coordinates": [
          126.6861,
          9.9585,
          10
        ]
      },
      "properties": {
        "source": "USGS",
        "evidenceType": "measured-detection",
        "magnitude": 4.7,
        "depthKm": 10,
        "observationUtc": "2026-09-28T08:16:13.363000Z",
        "observation_time": "2026-09-28T08:16:13.363000Z",
        "place": "65 km E of Pilar, Philippines",
        "title": "M 4.7 - 65 km E of Pilar, Philippines",
        "status": "reviewed",
        "eventUrl": "https://earthquake.usgs.gov/earthquakes/eventpage/us6000ty3w",
        "source_url": "https://earthquake.usgs.gov/earthquakes/eventpage/us6000ty3w",
        "detailUrl": "https://earthquake.usgs.gov/earthquakes/feed/v1.0/detail/us6000ty3w.geojson",
        "tsunami": false,
        "categories": [
          "Earthquakes"
        ]
      }
    },
    {
      "type": "Feature",
      "id": "aka2026tfhzve",
      "geometry": {
        "type": "Point",
        "coordinates": [
          -151.173,
          61.522,
          18.7
        ]
      },
      "properties": {
        "source": "USGS",
        "evidenceType": "measured-detection",
        "magnitude": 1.2,
        "depthKm": 18.7,
        "observationUtc": "2026-09-28T08:02:28.773000Z",
        "observation_time": "2026-09-28T08:02:28.773000Z",
        "place": "35 km W of Susitna, Alaska",
        "title": "M 1.2 - 35 km W of Susitna, Alaska",
        "status": "automatic",
        "eventUrl": "https://earthquake.usgs.gov/earthquakes/eventpage/aka2026tfhzve",
        "source_url": "https://earthquake.usgs.gov/earthquakes/eventpage/aka2026tfhzve",
        "detailUrl": "https://earthquake.usgs.gov/earthquakes/feed/v1.0/detail/aka2026tfhzve.geojson",
        "tsunami": false,
        "categories": [
          "Earthquakes"
        ]
      }
    },
    {
      "type": "Feature",
      "id": "nc75443697",
      "geometry": {
        "type": "Point",
        "coordinates": [
          -122.855834960938,
          38.8286666870117,
          2.59999990463257
        ]
      },
      "properties": {
        "source": "USGS",
        "evidenceType": "measured-detection",
        "magnitude": 1.27,
        "depthKm": 2.59999990463257,
        "observationUtc": "2026-09-28T07:57:21.940000Z",
        "observation_time": "2026-09-28T07:57:21.940000Z",
        "place": "10 km WNW of The Geysers, CA",
        "title": "M 1.3 - 10 km WNW of The Geysers, CA",
        "status": "automatic",
        "eventUrl": "https://earthquake.usgs.gov/earthquakes/eventpage/nc75443697",
        "source_url": "https://earthquake.usgs.gov/earthquakes/eventpage/nc75443697",
        "detailUrl": "https://earthquake.usgs.gov/earthquakes/feed/v1.0/detail/nc75443697.geojson",
        "tsunami": false,
        "categories": [
          "Earthquakes"
        ]
      }
    },
    {
      "type": "Feature",
      "id": "pr71534953",
      "geometry": {
        "type": "Point",
        "coordinates": [
          -66.9326666666667,
          17.9751666666667,
          7.03
        ]
      },
      "properties": {
        "source": "USGS",
        "evidenceType": "measured-detection",
        "magnitude": 2.18,
        "depthKm": 7.03,
        "observationUtc": "2026-09-28T07:37:43.240000Z",
        "observation_time": "2026-09-28T07:37:43.240000Z",
        "place": "2 km SW of Fuig, Puerto Rico",
        "title": "M 2.2 - 2 km SW of Fuig, Puerto Rico",
        "status": "reviewed",
        "eventUrl": "https://earthquake.usgs.gov/earthquakes/eventpage/pr71534953",
        "source_url": "https://earthquake.usgs.gov/earthquakes/eventpage/pr71534953",
        "detailUrl": "https://earthquake.usgs.gov/earthquakes/feed/v1.0/detail/pr71534953.geojson",
        "tsunami": false,
        "categories": [
          "Earthquakes"
        ]
      }
    },
    {
      "type": "Feature",
      "id": "hv75044527",
      "geometry": {
        "type": "Point",
        "coordinates": [
          -155.483840942383,
          19.2106666564941,
          26.6399993896484
        ]
      },
      "properties": {
        "source": "USGS",
        "evidenceType": "measured-detection",
        "magnitude": 1.71,
        "depthKm": 26.6399993896484,
        "observationUtc": "2026-09-28T07:37:31.700000Z",
        "observation_time": "2026-09-28T07:37:31.700000Z",
        "place": "1 km NNW of Pāhala, Hawaii",
        "title": "M 1.7 - 1 km NNW of Pāhala, Hawaii",
        "status": "automatic",
        "eventUrl": "https://earthquake.usgs.gov/earthquakes/eventpage/hv75044527",
        "source_url": "https://earthquake.usgs.gov/earthquakes/eventpage/hv75044527",
        "detailUrl": "https://earthquake.usgs.gov/earthquakes/feed/v1.0/detail/hv75044527.geojson",
        "tsunami": false,
        "categories": [
          "Earthquakes"
        ]
      }
    },
    {
      "type": "Feature",
      "id": "pr71534948",
      "geometry": {
        "type": "Point",
        "coordinates": [
          -68.5103333333333,
          18.185,
          86.48
        ]
      },
      "properties": {
        "source": "USGS",
        "evidenceType": "measured-detection",
        "magnitude": 3.37,
        "depthKm": 86.48,
        "observationUtc": "2026-09-28T07:35:09.620000Z",
        "observation_time": "2026-09-28T07:35:09.620000Z",
        "place": "23 km SSE of Boca de Yuma, Dominican Republic",
        "title": "M 3.4 - 23 km SSE of Boca de Yuma, Dominican Republic",
        "status": "reviewed",
        "eventUrl": "https://earthquake.usgs.gov/earthquakes/eventpage/pr71534948",
        "source_url": "https://earthquake.usgs.gov/earthquakes/eventpage/pr71534948",
        "detailUrl": "https://earthquake.usgs.gov/earthquakes/feed/v1.0/detail/pr71534948.geojson",
        "tsunami": false,
        "categories": [
          "Earthquakes"
        ]
      }
    },
    {
      "type": "Feature",
      "id": "hv75044517",
      "geometry": {
        "type": "Point",
        "coordinates": [
          -155.105667114258,
          19.5321674346924,
          21.3899993896484
        ]
      },
      "properties": {
        "source": "USGS",
        "evidenceType": "measured-detection",
        "magnitude": 2.48,
        "depthKm": 21.3899993896484,
        "observationUtc": "2026-09-28T07:17:57.790000Z",
        "observation_time": "2026-09-28T07:17:57.790000Z",
        "place": "2 km S of Mountain View, Hawaii",
        "title": "M 2.5 - 2 km S of Mountain View, Hawaii",
        "status": "automatic",
        "eventUrl": "https://earthquake.usgs.gov/earthquakes/eventpage/hv75044517",
        "source_url": "https://earthquake.usgs.gov/earthquakes/eventpage/hv75044517",
        "detailUrl": "https://earthquake.usgs.gov/earthquakes/feed/v1.0/detail/hv75044517.geojson",
        "tsunami": false,
        "categories": [
          "Earthquakes"
        ]
      }
    },
    {
      "type": "Feature",
      "id": "ci41340151",
      "geometry": {
        "type": "Point",
        "coordinates": [
          -116.435166666667,
          33.5466666666667,
          2.35
        ]
      },
      "properties": {
        "source": "USGS",
        "evidenceType": "measured-detection",
        "magnitude": 0.64,
        "depthKm": 2.35,
        "observationUtc": "2026-09-28T07:10:17.360000Z",
        "observation_time": "2026-09-28T07:10:17.360000Z",
        "place": "17 km SW of La Quinta, CA",
        "title": "M 0.6 - 17 km SW of La Quinta, CA",
        "status": "reviewed",
        "eventUrl": "https://earthquake.usgs.gov/earthquakes/eventpage/ci41340151",
        "source_url": "https://earthquake.usgs.gov/earthquakes/eventpage/ci41340151",
        "detailUrl": "https://earthquake.usgs.gov/earthquakes/feed/v1.0/detail/ci41340151.geojson",
        "tsunami": false,
        "categories": [
          "Earthquakes"
        ]
      }
    },
    {
      "type": "Feature",
      "id": "aka2026tffyee",
      "geometry": {
        "type": "Point",
        "coordinates": [
          -148.07,
          60.083,
          23.3
        ]
      },
      "properties": {
        "source": "USGS",
        "evidenceType": "measured-detection",
        "magnitude": 1.6,
        "depthKm": 23.3,
        "observationUtc": "2026-09-28T07:00:38.052000Z",
        "observation_time": "2026-09-28T07:00:38.052000Z",
        "place": "3 km WNW of Chenega, Alaska",
        "title": "M 1.6 - 3 km WNW of Chenega, Alaska",
        "status": "automatic",
        "eventUrl": "https://earthquake.usgs.gov/earthquakes/eventpage/aka2026tffyee",
        "source_url": "https://earthquake.usgs.gov/earthquakes/eventpage/aka2026tffyee",
        "detailUrl": "https://earthquake.usgs.gov/earthquakes/feed/v1.0/detail/aka2026tffyee.geojson",
        "tsunami": false,
        "categories": [
          "Earthquakes"
        ]
      }
    },
    {
      "type": "Feature",
      "id": "aka2026tffqqt",
      "geometry": {
        "type": "Point",
        "coordinates": [
          -150.985,
          60.835,
          11.4
        ]
      },
      "properties": {
        "source": "USGS",
        "evidenceType": "measured-detection",
        "magnitude": 2,
        "depthKm": 11.4,
        "observationUtc": "2026-09-28T06:51:58.241000Z",
        "observation_time": "2026-09-28T06:51:58.241000Z",
        "place": "18 km WSW of Point Possession, Alaska",
        "title": "M 2.0 - 18 km WSW of Point Possession, Alaska",
        "status": "automatic",
        "eventUrl": "https://earthquake.usgs.gov/earthquakes/eventpage/aka2026tffqqt",
        "source_url": "https://earthquake.usgs.gov/earthquakes/eventpage/aka2026tffqqt",
        "detailUrl": "https://earthquake.usgs.gov/earthquakes/feed/v1.0/detail/aka2026tffqqt.geojson",
        "tsunami": false,
        "categories": [
          "Earthquakes"
        ]
      }
    },
    {
      "type": "Feature",
      "id": "nc75443687",
      "geometry": {
        "type": "Point",
        "coordinates": [
          -122.816497802734,
          38.8313331604004,
          1.67999994754791
        ]
      },
      "properties": {
        "source": "USGS",
        "evidenceType": "measured-detection",
        "magnitude": 1,
        "depthKm": 1.67999994754791,
        "observationUtc": "2026-09-28T06:48:47.120000Z",
        "observation_time": "2026-09-28T06:48:47.120000Z",
        "place": "8 km NW of The Geysers, CA",
        "title": "M 1.0 - 8 km NW of The Geysers, CA",
        "status": "automatic",
        "eventUrl": "https://earthquake.usgs.gov/earthquakes/eventpage/nc75443687",
        "source_url": "https://earthquake.usgs.gov/earthquakes/eventpage/nc75443687",
        "detailUrl": "https://earthquake.usgs.gov/earthquakes/feed/v1.0/detail/nc75443687.geojson",
        "tsunami": false,
        "categories": [
          "Earthquakes"
        ]
      }
    },
    {
      "type": "Feature",
      "id": "us6000ty3c",
      "geometry": {
        "type": "Point",
        "coordinates": [
          179.6666,
          -36.8177,
          10
        ]
      },
      "properties": {
        "source": "USGS",
        "evidenceType": "measured-detection",
        "magnitude": 4.7,
        "depthKm": 10,
        "observationUtc": "2026-09-28T06:37:56.356000Z",
        "observation_time": "2026-09-28T06:37:56.356000Z",
        "place": "149 km NE of Hicks Bay, New Zealand",
        "title": "M 4.7 - 149 km NE of Hicks Bay, New Zealand",
        "status": "reviewed",
        "eventUrl": "https://earthquake.usgs.gov/earthquakes/eventpage/us6000ty3c",
        "source_url": "https://earthquake.usgs.gov/earthquakes/eventpage/us6000ty3c",
        "detailUrl": "https://earthquake.usgs.gov/earthquakes/feed/v1.0/detail/us6000ty3c.geojson",
        "tsunami": false,
        "categories": [
          "Earthquakes"
        ]
      }
    },
    {
      "type": "Feature",
      "id": "nc75443682",
      "geometry": {
        "type": "Point",
        "coordinates": [
          -122.764663696289,
          38.7971649169922,
          2.42000007629395
        ]
      },
      "properties": {
        "source": "USGS",
        "evidenceType": "measured-detection",
        "magnitude": 0.8,
        "depthKm": 2.42000007629395,
        "observationUtc": "2026-09-28T06:30:21.690000Z",
        "observation_time": "2026-09-28T06:30:21.690000Z",
        "place": "2 km NNW of The Geysers, CA",
        "title": "M 0.8 - 2 km NNW of The Geysers, CA",
        "status": "automatic",
        "eventUrl": "https://earthquake.usgs.gov/earthquakes/eventpage/nc75443682",
        "source_url": "https://earthquake.usgs.gov/earthquakes/eventpage/nc75443682",
        "detailUrl": "https://earthquake.usgs.gov/earthquakes/feed/v1.0/detail/nc75443682.geojson",
        "tsunami": false,
        "categories": [
          "Earthquakes"
        ]
      }
    },
    {
      "type": "Feature",
      "id": "aka2026tfeofm",
      "geometry": {
        "type": "Point",
        "coordinates": [
          -148.136,
          61.63,
          0.9
        ]
      },
      "properties": {
        "source": "USGS",
        "evidenceType": "measured-detection",
        "magnitude": 2.1,
        "depthKm": 0.9,
        "observationUtc": "2026-09-28T06:19:10.710000Z",
        "observation_time": "2026-09-28T06:19:10.710000Z",
        "place": "25 km SE of Chickaloon, Alaska",
        "title": "M 2.1 - 25 km SE of Chickaloon, Alaska",
        "status": "automatic",
        "eventUrl": "https://earthquake.usgs.gov/earthquakes/eventpage/aka2026tfeofm",
        "source_url": "https://earthquake.usgs.gov/earthquakes/eventpage/aka2026tfeofm",
        "detailUrl": "https://earthquake.usgs.gov/earthquakes/feed/v1.0/detail/aka2026tfeofm.geojson",
        "tsunami": false,
        "categories": [
          "Earthquakes"
        ]
      }
    },
    {
      "type": "Feature",
      "id": "nc75443677",
      "geometry": {
        "type": "Point",
        "coordinates": [
          -122.764167785645,
          38.798999786377,
          1.98000001907349
        ]
      },
      "properties": {
        "source": "USGS",
        "evidenceType": "measured-detection",
        "magnitude": 0.81,
        "depthKm": 1.98000001907349,
        "observationUtc": "2026-09-28T06:13:05.690000Z",
        "observation_time": "2026-09-28T06:13:05.690000Z",
        "place": "3 km NNW of The Geysers, CA",
        "title": "M 0.8 - 3 km NNW of The Geysers, CA",
        "status": "automatic",
        "eventUrl": "https://earthquake.usgs.gov/earthquakes/eventpage/nc75443677",
        "source_url": "https://earthquake.usgs.gov/earthquakes/eventpage/nc75443677",
        "detailUrl": "https://earthquake.usgs.gov/earthquakes/feed/v1.0/detail/nc75443677.geojson",
        "tsunami": false,
        "categories": [
          "Earthquakes"
        ]
      }
    },
    {
      "type": "Feature",
      "id": "aka2026tfehzd",
      "geometry": {
        "type": "Point",
        "coordinates": [
          -148.146,
          61.852,
          18.8
        ]
      },
      "properties": {
        "source": "USGS",
        "evidenceType": "measured-detection",
        "magnitude": 0.9,
        "depthKm": 18.8,
        "observationUtc": "2026-09-28T06:11:58.316000Z",
        "observation_time": "2026-09-28T06:11:58.316000Z",
        "place": "17 km ENE of Chickaloon, Alaska",
        "title": "M 0.9 - 17 km ENE of Chickaloon, Alaska",
        "status": "automatic",
        "eventUrl": "https://earthquake.usgs.gov/earthquakes/eventpage/aka2026tfehzd",
        "source_url": "https://earthquake.usgs.gov/earthquakes/eventpage/aka2026tfehzd",
        "detailUrl": "https://earthquake.usgs.gov/earthquakes/feed/v1.0/detail/aka2026tfehzd.geojson",
        "tsunami": false,
        "categories": [
          "Earthquakes"
        ]
      }
    },
    {
      "type": "Feature",
      "id": "nn00924977",
      "geometry": {
        "type": "Point",
        "coordinates": [
          -115.2938,
          38.896,
          0
        ]
      },
      "properties": {
        "source": "USGS",
        "evidenceType": "measured-detection",
        "magnitude": 3.3,
        "depthKm": 0,
        "observationUtc": "2026-09-28T05:53:11.730000Z",
        "observation_time": "2026-09-28T05:53:11.730000Z",
        "place": "20 km W of Preston, Nevada",
        "title": "M 3.3 - 20 km W of Preston, Nevada",
        "status": "reviewed",
        "eventUrl": "https://earthquake.usgs.gov/earthquakes/eventpage/nn00924977",
        "source_url": "https://earthquake.usgs.gov/earthquakes/eventpage/nn00924977",
        "detailUrl": "https://earthquake.usgs.gov/earthquakes/feed/v1.0/detail/nn00924977.geojson",
        "tsunami": false,
        "categories": [
          "Earthquakes"
        ]
      }
    },
    {
      "type": "Feature",
      "id": "ci41340143",
      "geometry": {
        "type": "Point",
        "coordinates": [
          -117.004666666667,
          33.9941666666667,
          14.29
        ]
      },
      "properties": {
        "source": "USGS",
        "evidenceType": "measured-detection",
        "magnitude": 0.95,
        "depthKm": 14.29,
        "observationUtc": "2026-09-28T05:49:39.470000Z",
        "observation_time": "2026-09-28T05:49:39.470000Z",
        "place": "5 km E of Calimesa, CA",
        "title": "M 1.0 - 5 km E of Calimesa, CA",
        "status": "reviewed",
        "eventUrl": "https://earthquake.usgs.gov/earthquakes/eventpage/ci41340143",
        "source_url": "https://earthquake.usgs.gov/earthquakes/eventpage/ci41340143",
        "detailUrl": "https://earthquake.usgs.gov/earthquakes/feed/v1.0/detail/ci41340143.geojson",
        "tsunami": false,
        "categories": [
          "Earthquakes"
        ]
      }
    },
    {
      "type": "Feature",
      "id": "ci41340135",
      "geometry": {
        "type": "Point",
        "coordinates": [
          -117.006666666667,
          33.9955,
          14.71
        ]
      },
      "properties": {
        "source": "USGS",
        "evidenceType": "measured-detection",
        "magnitude": 0.82,
        "depthKm": 14.71,
        "observationUtc": "2026-09-28T05:48:56.040000Z",
        "observation_time": "2026-09-28T05:48:56.040000Z",
        "place": "4 km E of Calimesa, CA",
        "title": "M 0.8 - 4 km E of Calimesa, CA",
        "status": "reviewed",
        "eventUrl": "https://earthquake.usgs.gov/earthquakes/eventpage/ci41340135",
        "source_url": "https://earthquake.usgs.gov/earthquakes/eventpage/ci41340135",
        "detailUrl": "https://earthquake.usgs.gov/earthquakes/feed/v1.0/detail/ci41340135.geojson",
        "tsunami": false,
        "categories": [
          "Earthquakes"
        ]
      }
    },
    {
      "type": "Feature",
      "id": "nc75443662",
      "geometry": {
        "type": "Point",
        "coordinates": [
          -122.767333984375,
          38.7876663208008,
          1.87000000476837
        ]
      },
      "properties": {
        "source": "USGS",
        "evidenceType": "measured-detection",
        "magnitude": 1.52,
        "depthKm": 1.87000000476837,
        "observationUtc": "2026-09-28T05:48:55.040000Z",
        "observation_time": "2026-09-28T05:48:55.040000Z",
        "place": "1 km NW of The Geysers, CA",
        "title": "M 1.5 - 1 km NW of The Geysers, CA",
        "status": "automatic",
        "eventUrl": "https://earthquake.usgs.gov/earthquakes/eventpage/nc75443662",
        "source_url": "https://earthquake.usgs.gov/earthquakes/eventpage/nc75443662",
        "detailUrl": "https://earthquake.usgs.gov/earthquakes/feed/v1.0/detail/nc75443662.geojson",
        "tsunami": false,
        "categories": [
          "Earthquakes"
        ]
      }
    },
    {
      "type": "Feature",
      "id": "us6000ty38",
      "geometry": {
        "type": "Point",
        "coordinates": [
          168.4274,
          -21.2247,
          10
        ]
      },
      "properties": {
        "source": "USGS",
        "evidenceType": "measured-detection",
        "magnitude": 5.2,
        "depthKm": 10,
        "observationUtc": "2026-09-28T05:45:29.689000Z",
        "observation_time": "2026-09-28T05:45:29.689000Z",
        "place": "67 km ENE of Tadine, New Caledonia",
        "title": "M 5.2 - 67 km ENE of Tadine, New Caledonia",
        "status": "reviewed",
        "eventUrl": "https://earthquake.usgs.gov/earthquakes/eventpage/us6000ty38",
        "source_url": "https://earthquake.usgs.gov/earthquakes/eventpage/us6000ty38",
        "detailUrl": "https://earthquake.usgs.gov/earthquakes/feed/v1.0/detail/us6000ty38.geojson",
        "tsunami": false,
        "categories": [
          "Earthquakes"
        ]
      }
    },
    {
      "type": "Feature",
      "id": "us6000ty36",
      "geometry": {
        "type": "Point",
        "coordinates": [
          168.2294,
          -21.3968,
          10
        ]
      },
      "properties": {
        "source": "USGS",
        "evidenceType": "measured-detection",
        "magnitude": 4.9,
        "depthKm": 10,
        "observationUtc": "2026-09-28T05:42:32.024000Z",
        "observation_time": "2026-09-28T05:42:32.024000Z",
        "place": "39 km ENE of Tadine, New Caledonia",
        "title": "M 4.9 - 39 km ENE of Tadine, New Caledonia",
        "status": "reviewed",
        "eventUrl": "https://earthquake.usgs.gov/earthquakes/eventpage/us6000ty36",
        "source_url": "https://earthquake.usgs.gov/earthquakes/eventpage/us6000ty36",
        "detailUrl": "https://earthquake.usgs.gov/earthquakes/feed/v1.0/detail/us6000ty36.geojson",
        "tsunami": false,
        "categories": [
          "Earthquakes"
        ]
      }
    },
    {
      "type": "Feature",
      "id": "us6000ty3a",
      "geometry": {
        "type": "Point",
        "coordinates": [
          168.3953,
          -21.2372,
          10
        ]
      },
      "properties": {
        "source": "USGS",
        "evidenceType": "measured-detection",
        "magnitude": 4.6,
        "depthKm": 10,
        "observationUtc": "2026-09-28T05:42:21.379000Z",
        "observation_time": "2026-09-28T05:42:21.379000Z",
        "place": "63 km ENE of Tadine, New Caledonia",
        "title": "M 4.6 - 63 km ENE of Tadine, New Caledonia",
        "status": "reviewed",
        "eventUrl": "https://earthquake.usgs.gov/earthquakes/eventpage/us6000ty3a",
        "source_url": "https://earthquake.usgs.gov/earthquakes/eventpage/us6000ty3a",
        "detailUrl": "https://earthquake.usgs.gov/earthquakes/feed/v1.0/detail/us6000ty3a.geojson",
        "tsunami": false,
        "categories": [
          "Earthquakes"
        ]
      }
    },
    {
      "type": "Feature",
      "id": "aka2026tfdfhc",
      "geometry": {
        "type": "Point",
        "coordinates": [
          -155.707,
          58.437,
          153.6
        ]
      },
      "properties": {
        "source": "USGS",
        "evidenceType": "measured-detection",
        "magnitude": 2.7,
        "depthKm": 153.6,
        "observationUtc": "2026-09-28T05:38:53.293000Z",
        "observation_time": "2026-09-28T05:38:53.293000Z",
        "place": "62 km ESE of King Salmon, Alaska",
        "title": "M 2.7 - 62 km ESE of King Salmon, Alaska",
        "status": "automatic",
        "eventUrl": "https://earthquake.usgs.gov/earthquakes/eventpage/aka2026tfdfhc",
        "source_url": "https://earthquake.usgs.gov/earthquakes/eventpage/aka2026tfdfhc",
        "detailUrl": "https://earthquake.usgs.gov/earthquakes/feed/v1.0/detail/aka2026tfdfhc.geojson",
        "tsunami": false,
        "categories": [
          "Earthquakes"
        ]
      }
    },
    {
      "type": "Feature",
      "id": "aka2026tfcwab",
      "geometry": {
        "type": "Point",
        "coordinates": [
          -150.951,
          62.405,
          70.2
        ]
      },
      "properties": {
        "source": "USGS",
        "evidenceType": "measured-detection",
        "magnitude": 2.3,
        "depthKm": 70.2,
        "observationUtc": "2026-09-28T05:28:10.841000Z",
        "observation_time": "2026-09-28T05:28:10.841000Z",
        "place": "13 km SW of Petersville, Alaska",
        "title": "M 2.3 - 13 km SW of Petersville, Alaska",
        "status": "automatic",
        "eventUrl": "https://earthquake.usgs.gov/earthquakes/eventpage/aka2026tfcwab",
        "source_url": "https://earthquake.usgs.gov/earthquakes/eventpage/aka2026tfcwab",
        "detailUrl": "https://earthquake.usgs.gov/earthquakes/feed/v1.0/detail/aka2026tfcwab.geojson",
        "tsunami": false,
        "categories": [
          "Earthquakes"
        ]
      }
    },
    {
      "type": "Feature",
      "id": "us6000ty33",
      "geometry": {
        "type": "Point",
        "coordinates": [
          168.5459,
          -21.2065,
          10
        ]
      },
      "properties": {
        "source": "USGS",
        "evidenceType": "measured-detection",
        "magnitude": 5.1,
        "depthKm": 10,
        "observationUtc": "2026-09-28T05:28:08.891000Z",
        "observation_time": "2026-09-28T05:28:08.891000Z",
        "place": "78 km ENE of Tadine, New Caledonia",
        "title": "M 5.1 - 78 km ENE of Tadine, New Caledonia",
        "status": "reviewed",
        "eventUrl": "https://earthquake.usgs.gov/earthquakes/eventpage/us6000ty33",
        "source_url": "https://earthquake.usgs.gov/earthquakes/eventpage/us6000ty33",
        "detailUrl": "https://earthquake.usgs.gov/earthquakes/feed/v1.0/detail/us6000ty33.geojson",
        "tsunami": false,
        "categories": [
          "Earthquakes"
        ]
      }
    },
    {
      "type": "Feature",
      "id": "nc75443652",
      "geometry": {
        "type": "Point",
        "coordinates": [
          -120.837333679199,
          36.2713317871094,
          6.65999984741211
        ]
      },
      "properties": {
        "source": "USGS",
        "evidenceType": "measured-detection",
        "magnitude": 1.62,
        "depthKm": 6.65999984741211,
        "observationUtc": "2026-09-28T05:14:42.950000Z",
        "observation_time": "2026-09-28T05:14:42.950000Z",
        "place": "22 km SW of New Idria, CA",
        "title": "M 1.6 - 22 km SW of New Idria, CA",
        "status": "automatic",
        "eventUrl": "https://earthquake.usgs.gov/earthquakes/eventpage/nc75443652",
        "source_url": "https://earthquake.usgs.gov/earthquakes/eventpage/nc75443652",
        "detailUrl": "https://earthquake.usgs.gov/earthquakes/feed/v1.0/detail/nc75443652.geojson",
        "tsunami": false,
        "categories": [
          "Earthquakes"
        ]
      }
    },
    {
      "type": "Feature",
      "id": "nc75443647",
      "geometry": {
        "type": "Point",
        "coordinates": [
          -122.817001342773,
          38.8325004577637,
          1.42999994754791
        ]
      },
      "properties": {
        "source": "USGS",
        "evidenceType": "measured-detection",
        "magnitude": 0.31,
        "depthKm": 1.42999994754791,
        "observationUtc": "2026-09-28T05:06:49.290000Z",
        "observation_time": "2026-09-28T05:06:49.290000Z",
        "place": "8 km NW of The Geysers, CA",
        "title": "M 0.3 - 8 km NW of The Geysers, CA",
        "status": "automatic",
        "eventUrl": "https://earthquake.usgs.gov/earthquakes/eventpage/nc75443647",
        "source_url": "https://earthquake.usgs.gov/earthquakes/eventpage/nc75443647",
        "detailUrl": "https://earthquake.usgs.gov/earthquakes/feed/v1.0/detail/nc75443647.geojson",
        "tsunami": false,
        "categories": [
          "Earthquakes"
        ]
      }
    },
    {
      "type": "Feature",
      "id": "nc75443637",
      "geometry": {
        "type": "Point",
        "coordinates": [
          -121.451667785645,
          37.4188346862793,
          4.11999988555908
        ]
      },
      "properties": {
        "source": "USGS",
        "evidenceType": "measured-detection",
        "magnitude": 1.35,
        "depthKm": 4.11999988555908,
        "observationUtc": "2026-09-28T04:49:44.240000Z",
        "observation_time": "2026-09-28T04:49:44.240000Z",
        "place": "26 km WSW of Westley, CA",
        "title": "M 1.4 - 26 km WSW of Westley, CA",
        "status": "automatic",
        "eventUrl": "https://earthquake.usgs.gov/earthquakes/eventpage/nc75443637",
        "source_url": "https://earthquake.usgs.gov/earthquakes/eventpage/nc75443637",
        "detailUrl": "https://earthquake.usgs.gov/earthquakes/feed/v1.0/detail/nc75443637.geojson",
        "tsunami": false,
        "categories": [
          "Earthquakes"
        ]
      }
    },
    {
      "type": "Feature",
      "id": "nc75443632",
      "geometry": {
        "type": "Point",
        "coordinates": [
          -121.775329589844,
          37.4618339538574,
          5.55999994277954
        ]
      },
      "properties": {
        "source": "USGS",
        "evidenceType": "measured-detection",
        "magnitude": 2.08,
        "depthKm": 5.55999994277954,
        "observationUtc": "2026-09-28T04:49:04.350000Z",
        "observation_time": "2026-09-28T04:49:04.350000Z",
        "place": "12 km NNE of Alum Rock, CA",
        "title": "M 2.1 - 12 km NNE of Alum Rock, CA",
        "status": "automatic",
        "eventUrl": "https://earthquake.usgs.gov/earthquakes/eventpage/nc75443632",
        "source_url": "https://earthquake.usgs.gov/earthquakes/eventpage/nc75443632",
        "detailUrl": "https://earthquake.usgs.gov/earthquakes/feed/v1.0/detail/nc75443632.geojson",
        "tsunami": false,
        "categories": [
          "Earthquakes"
        ]
      }
    },
    {
      "type": "Feature",
      "id": "tx2026tbzqex",
      "geometry": {
        "type": "Point",
        "coordinates": [
          -104.443,
          31.653,
          6.0999
        ]
      },
      "properties": {
        "source": "USGS",
        "evidenceType": "measured-detection",
        "magnitude": 1.8,
        "depthKm": 6.0999,
        "observationUtc": "2026-09-28T04:48:27.330000Z",
        "observation_time": "2026-09-28T04:48:27.330000Z",
        "place": "58 km S of Whites City, New Mexico",
        "title": "M 1.8 - 58 km S of Whites City, New Mexico",
        "status": "reviewed",
        "eventUrl": "https://earthquake.usgs.gov/earthquakes/eventpage/tx2026tbzqex",
        "source_url": "https://earthquake.usgs.gov/earthquakes/eventpage/tx2026tbzqex",
        "detailUrl": "https://earthquake.usgs.gov/earthquakes/feed/v1.0/detail/tx2026tbzqex.geojson",
        "tsunami": false,
        "categories": [
          "Earthquakes"
        ]
      }
    },
    {
      "type": "Feature",
      "id": "tx2026tbzomd",
      "geometry": {
        "type": "Point",
        "coordinates": [
          -101.686,
          31.729,
          8.5205
        ]
      },
      "properties": {
        "source": "USGS",
        "evidenceType": "measured-detection",
        "magnitude": 1.7,
        "depthKm": 8.5205,
        "observationUtc": "2026-09-28T04:46:27.271000Z",
        "observation_time": "2026-09-28T04:46:27.271000Z",
        "place": "24 km SW of Garden City, Texas",
        "title": "M 1.7 - 24 km SW of Garden City, Texas",
        "status": "reviewed",
        "eventUrl": "https://earthquake.usgs.gov/earthquakes/eventpage/tx2026tbzomd",
        "source_url": "https://earthquake.usgs.gov/earthquakes/eventpage/tx2026tbzomd",
        "detailUrl": "https://earthquake.usgs.gov/earthquakes/feed/v1.0/detail/tx2026tbzomd.geojson",
        "tsunami": false,
        "categories": [
          "Earthquakes"
        ]
      }
    },
    {
      "type": "Feature",
      "id": "us6000ty2w",
      "geometry": {
        "type": "Point",
        "coordinates": [
          151.5708,
          49.0259,
          258.706
        ]
      },
      "properties": {
        "source": "USGS",
        "evidenceType": "measured-detection",
        "magnitude": 4.6,
        "depthKm": 258.706,
        "observationUtc": "2026-09-28T04:42:56.780000Z",
        "observation_time": "2026-09-28T04:42:56.780000Z",
        "place": "northwest of the Kuril Islands",
        "title": "M 4.6 - northwest of the Kuril Islands",
        "status": "reviewed",
        "eventUrl": "https://earthquake.usgs.gov/earthquakes/eventpage/us6000ty2w",
        "source_url": "https://earthquake.usgs.gov/earthquakes/eventpage/us6000ty2w",
        "detailUrl": "https://earthquake.usgs.gov/earthquakes/feed/v1.0/detail/us6000ty2w.geojson",
        "tsunami": false,
        "categories": [
          "Earthquakes"
        ]
      }
    },
    {
      "type": "Feature",
      "id": "us6000ty2y",
      "geometry": {
        "type": "Point",
        "coordinates": [
          -25.347,
          -57.6502,
          35
        ]
      },
      "properties": {
        "source": "USGS",
        "evidenceType": "measured-detection",
        "magnitude": 4.9,
        "depthKm": 35,
        "observationUtc": "2026-09-28T04:41:33.467000Z",
        "observation_time": "2026-09-28T04:41:33.467000Z",
        "place": "South Sandwich Islands region",
        "title": "M 4.9 - South Sandwich Islands region",
        "status": "reviewed",
        "eventUrl": "https://earthquake.usgs.gov/earthquakes/eventpage/us6000ty2y",
        "source_url": "https://earthquake.usgs.gov/earthquakes/eventpage/us6000ty2y",
        "detailUrl": "https://earthquake.usgs.gov/earthquakes/feed/v1.0/detail/us6000ty2y.geojson",
        "tsunami": false,
        "categories": [
          "Earthquakes"
        ]
      }
    },
    {
      "type": "Feature",
      "id": "us6000ty2u",
      "geometry": {
        "type": "Point",
        "coordinates": [
          -130.2208,
          50.0527,
          10
        ]
      },
      "properties": {
        "source": "USGS",
        "evidenceType": "measured-detection",
        "magnitude": 5.4,
        "depthKm": 10,
        "observationUtc": "2026-09-28T04:41:21.639000Z",
        "observation_time": "2026-09-28T04:41:21.639000Z",
        "place": "231 km WSW of Port McNeill, Canada",
        "title": "M 5.4 - 231 km WSW of Port McNeill, Canada",
        "status": "reviewed",
        "eventUrl": "https://earthquake.usgs.gov/earthquakes/eventpage/us6000ty2u",
        "source_url": "https://earthquake.usgs.gov/earthquakes/eventpage/us6000ty2u",
        "detailUrl": "https://earthquake.usgs.gov/earthquakes/feed/v1.0/detail/us6000ty2u.geojson",
        "tsunami": true,
        "categories": [
          "Earthquakes"
        ]
      }
    },
    {
      "type": "Feature",
      "id": "us6000ty55",
      "geometry": {
        "type": "Point",
        "coordinates": [
          76.9838,
          43.2073,
          10
        ]
      },
      "properties": {
        "source": "USGS",
        "evidenceType": "measured-detection",
        "magnitude": 3.4,
        "depthKm": 10,
        "observationUtc": "2026-09-28T04:38:10.605000Z",
        "observation_time": "2026-09-28T04:38:10.605000Z",
        "place": "7 km SE of Almaty, Kazakhstan",
        "title": "M 3.4 - 7 km SE of Almaty, Kazakhstan",
        "status": "reviewed",
        "eventUrl": "https://earthquake.usgs.gov/earthquakes/eventpage/us6000ty55",
        "source_url": "https://earthquake.usgs.gov/earthquakes/eventpage/us6000ty55",
        "detailUrl": "https://earthquake.usgs.gov/earthquakes/feed/v1.0/detail/us6000ty55.geojson",
        "tsunami": false,
        "categories": [
          "Earthquakes"
        ]
      }
    },
    {
      "type": "Feature",
      "id": "nc75443622",
      "geometry": {
        "type": "Point",
        "coordinates": [
          -122.905830383301,
          38.7869987487793,
          6.13000011444092
        ]
      },
      "properties": {
        "source": "USGS",
        "evidenceType": "measured-detection",
        "magnitude": 1.84,
        "depthKm": 6.13000011444092,
        "observationUtc": "2026-09-28T04:31:50.160000Z",
        "observation_time": "2026-09-28T04:31:50.160000Z",
        "place": "10 km ESE of Cloverdale, CA",
        "title": "M 1.8 - 10 km ESE of Cloverdale, CA",
        "status": "automatic",
        "eventUrl": "https://earthquake.usgs.gov/earthquakes/eventpage/nc75443622",
        "source_url": "https://earthquake.usgs.gov/earthquakes/eventpage/nc75443622",
        "detailUrl": "https://earthquake.usgs.gov/earthquakes/feed/v1.0/detail/nc75443622.geojson",
        "tsunami": false,
        "categories": [
          "Earthquakes"
        ]
      }
    },
    {
      "type": "Feature",
      "id": "nc75443617",
      "geometry": {
        "type": "Point",
        "coordinates": [
          -122.908836364746,
          38.7881660461426,
          5.15000009536743
        ]
      },
      "properties": {
        "source": "USGS",
        "evidenceType": "measured-detection",
        "magnitude": 1.23,
        "depthKm": 5.15000009536743,
        "observationUtc": "2026-09-28T04:30:56.320000Z",
        "observation_time": "2026-09-28T04:30:56.320000Z",
        "place": "10 km ESE of Cloverdale, CA",
        "title": "M 1.2 - 10 km ESE of Cloverdale, CA",
        "status": "automatic",
        "eventUrl": "https://earthquake.usgs.gov/earthquakes/eventpage/nc75443617",
        "source_url": "https://earthquake.usgs.gov/earthquakes/eventpage/nc75443617",
        "detailUrl": "https://earthquake.usgs.gov/earthquakes/feed/v1.0/detail/nc75443617.geojson",
        "tsunami": false,
        "categories": [
          "Earthquakes"
        ]
      }
    },
    {
      "type": "Feature",
      "id": "ci41340127",
      "geometry": {
        "type": "Point",
        "coordinates": [
          -116.759166666667,
          33.5828333333333,
          12.5
        ]
      },
      "properties": {
        "source": "USGS",
        "evidenceType": "measured-detection",
        "magnitude": 0.23,
        "depthKm": 12.5,
        "observationUtc": "2026-09-28T04:24:52.600000Z",
        "observation_time": "2026-09-28T04:24:52.600000Z",
        "place": "9 km WNW of Anza, CA",
        "title": "M 0.2 - 9 km WNW of Anza, CA",
        "status": "reviewed",
        "eventUrl": "https://earthquake.usgs.gov/earthquakes/eventpage/ci41340127",
        "source_url": "https://earthquake.usgs.gov/earthquakes/eventpage/ci41340127",
        "detailUrl": "https://earthquake.usgs.gov/earthquakes/feed/v1.0/detail/ci41340127.geojson",
        "tsunami": false,
        "categories": [
          "Earthquakes"
        ]
      }
    },
    {
      "type": "Feature",
      "id": "aka2026tezzsl",
      "geometry": {
        "type": "Point",
        "coordinates": [
          -145.306,
          63.257,
          7.6
        ]
      },
      "properties": {
        "source": "USGS",
        "evidenceType": "measured-detection",
        "magnitude": 1,
        "depthKm": 7.6,
        "observationUtc": "2026-09-28T04:02:49.707000Z",
        "observation_time": "2026-09-28T04:02:49.707000Z",
        "place": "24 km NE of Paxson, Alaska",
        "title": "M 1.0 - 24 km NE of Paxson, Alaska",
        "status": "automatic",
        "eventUrl": "https://earthquake.usgs.gov/earthquakes/eventpage/aka2026tezzsl",
        "source_url": "https://earthquake.usgs.gov/earthquakes/eventpage/aka2026tezzsl",
        "detailUrl": "https://earthquake.usgs.gov/earthquakes/feed/v1.0/detail/aka2026tezzsl.geojson",
        "tsunami": false,
        "categories": [
          "Earthquakes"
        ]
      }
    },
    {
      "type": "Feature",
      "id": "pr71534903",
      "geometry": {
        "type": "Point",
        "coordinates": [
          -66.2358333333333,
          18.3465,
          66.53
        ]
      },
      "properties": {
        "source": "USGS",
        "evidenceType": "measured-detection",
        "magnitude": 2.59,
        "depthKm": 66.53,
        "observationUtc": "2026-09-28T03:55:31.610000Z",
        "observation_time": "2026-09-28T03:55:31.610000Z",
        "place": "3 km SE of Galateo, Puerto Rico",
        "title": "M 2.6 - 3 km SE of Galateo, Puerto Rico",
        "status": "reviewed",
        "eventUrl": "https://earthquake.usgs.gov/earthquakes/eventpage/pr71534903",
        "source_url": "https://earthquake.usgs.gov/earthquakes/eventpage/pr71534903",
        "detailUrl": "https://earthquake.usgs.gov/earthquakes/feed/v1.0/detail/pr71534903.geojson",
        "tsunami": false,
        "categories": [
          "Earthquakes"
        ]
      }
    },
    {
      "type": "Feature",
      "id": "nc75443602",
      "geometry": {
        "type": "Point",
        "coordinates": [
          -122.820335388184,
          38.816333770752,
          2.11999988555908
        ]
      },
      "properties": {
        "source": "USGS",
        "evidenceType": "measured-detection",
        "magnitude": 0.75,
        "depthKm": 2.11999988555908,
        "observationUtc": "2026-09-28T03:52:27.320000Z",
        "observation_time": "2026-09-28T03:52:27.320000Z",
        "place": "7 km NW of The Geysers, CA",
        "title": "M 0.8 - 7 km NW of The Geysers, CA",
        "status": "automatic",
        "eventUrl": "https://earthquake.usgs.gov/earthquakes/eventpage/nc75443602",
        "source_url": "https://earthquake.usgs.gov/earthquakes/eventpage/nc75443602",
        "detailUrl": "https://earthquake.usgs.gov/earthquakes/feed/v1.0/detail/nc75443602.geojson",
        "tsunami": false,
        "categories": [
          "Earthquakes"
        ]
      }
    },
    {
      "type": "Feature",
      "id": "nc75443592",
      "geometry": {
        "type": "Point",
        "coordinates": [
          -122.802001953125,
          38.8178329467773,
          2.52999997138977
        ]
      },
      "properties": {
        "source": "USGS",
        "evidenceType": "measured-detection",
        "magnitude": 0.71,
        "depthKm": 2.52999997138977,
        "observationUtc": "2026-09-28T03:49:44.900000Z",
        "observation_time": "2026-09-28T03:49:44.900000Z",
        "place": "6 km NW of The Geysers, CA",
        "title": "M 0.7 - 6 km NW of The Geysers, CA",
        "status": "automatic",
        "eventUrl": "https://earthquake.usgs.gov/earthquakes/eventpage/nc75443592",
        "source_url": "https://earthquake.usgs.gov/earthquakes/eventpage/nc75443592",
        "detailUrl": "https://earthquake.usgs.gov/earthquakes/feed/v1.0/detail/nc75443592.geojson",
        "tsunami": false,
        "categories": [
          "Earthquakes"
        ]
      }
    },
    {
      "type": "Feature",
      "id": "aka2026tezneu",
      "geometry": {
        "type": "Point",
        "coordinates": [
          -152.135,
          60.558,
          89.8
        ]
      },
      "properties": {
        "source": "USGS",
        "evidenceType": "measured-detection",
        "magnitude": 2.8,
        "depthKm": 89.8,
        "observationUtc": "2026-09-28T03:48:03.007000Z",
        "observation_time": "2026-09-28T03:48:03.007000Z",
        "place": "45 km W of Salamatof, Alaska",
        "title": "M 2.8 - 45 km W of Salamatof, Alaska",
        "status": "automatic",
        "eventUrl": "https://earthquake.usgs.gov/earthquakes/eventpage/aka2026tezneu",
        "source_url": "https://earthquake.usgs.gov/earthquakes/eventpage/aka2026tezneu",
        "detailUrl": "https://earthquake.usgs.gov/earthquakes/feed/v1.0/detail/aka2026tezneu.geojson",
        "tsunami": false,
        "categories": [
          "Earthquakes"
        ]
      }
    },
    {
      "type": "Feature",
      "id": "ci41340111",
      "geometry": {
        "type": "Point",
        "coordinates": [
          -115.474,
          32.8293333333333,
          8.61
        ]
      },
      "properties": {
        "source": "USGS",
        "evidenceType": "measured-detection",
        "magnitude": 1.61,
        "depthKm": 8.61,
        "observationUtc": "2026-09-28T03:45:37.360000Z",
        "observation_time": "2026-09-28T03:45:37.360000Z",
        "place": "9 km WNW of Holtville, CA",
        "title": "M 1.6 - 9 km WNW of Holtville, CA",
        "status": "reviewed",
        "eventUrl": "https://earthquake.usgs.gov/earthquakes/eventpage/ci41340111",
        "source_url": "https://earthquake.usgs.gov/earthquakes/eventpage/ci41340111",
        "detailUrl": "https://earthquake.usgs.gov/earthquakes/feed/v1.0/detail/ci41340111.geojson",
        "tsunami": false,
        "categories": [
          "Earthquakes"
        ]
      }
    },
    {
      "type": "Feature",
      "id": "us6000ty2e",
      "geometry": {
        "type": "Point",
        "coordinates": [
          -25.2785,
          -57.6701,
          35
        ]
      },
      "properties": {
        "source": "USGS",
        "evidenceType": "measured-detection",
        "magnitude": 5.1,
        "depthKm": 35,
        "observationUtc": "2026-09-28T03:43:44.172000Z",
        "observation_time": "2026-09-28T03:43:44.172000Z",
        "place": "South Sandwich Islands region",
        "title": "M 5.1 - South Sandwich Islands region",
        "status": "reviewed",
        "eventUrl": "https://earthquake.usgs.gov/earthquakes/eventpage/us6000ty2e",
        "source_url": "https://earthquake.usgs.gov/earthquakes/eventpage/us6000ty2e",
        "detailUrl": "https://earthquake.usgs.gov/earthquakes/feed/v1.0/detail/us6000ty2e.geojson",
        "tsunami": false,
        "categories": [
          "Earthquakes"
        ]
      }
    },
    {
      "type": "Feature",
      "id": "us6000ty2b",
      "geometry": {
        "type": "Point",
        "coordinates": [
          168.3545,
          -21.2245,
          10
        ]
      },
      "properties": {
        "source": "USGS",
        "evidenceType": "measured-detection",
        "magnitude": 5.3,
        "depthKm": 10,
        "observationUtc": "2026-09-28T03:25:06.893000Z",
        "observation_time": "2026-09-28T03:25:06.893000Z",
        "place": "60 km NE of Tadine, New Caledonia",
        "title": "M 5.3 - 60 km NE of Tadine, New Caledonia",
        "status": "reviewed",
        "eventUrl": "https://earthquake.usgs.gov/earthquakes/eventpage/us6000ty2b",
        "source_url": "https://earthquake.usgs.gov/earthquakes/eventpage/us6000ty2b",
        "detailUrl": "https://earthquake.usgs.gov/earthquakes/feed/v1.0/detail/us6000ty2b.geojson",
        "tsunami": false,
        "categories": [
          "Earthquakes"
        ]
      }
    },
    {
      "type": "Feature",
      "id": "ci41340103",
      "geometry": {
        "type": "Point",
        "coordinates": [
          -116.7625,
          33.6486666666667,
          14.24
        ]
      },
      "properties": {
        "source": "USGS",
        "evidenceType": "measured-detection",
        "magnitude": 1.14,
        "depthKm": 14.24,
        "observationUtc": "2026-09-28T03:24:27.070000Z",
        "observation_time": "2026-09-28T03:24:27.070000Z",
        "place": "11 km SSW of Idyllwild, CA",
        "title": "M 1.1 - 11 km SSW of Idyllwild, CA",
        "status": "reviewed",
        "eventUrl": "https://earthquake.usgs.gov/earthquakes/eventpage/ci41340103",
        "source_url": "https://earthquake.usgs.gov/earthquakes/eventpage/ci41340103",
        "detailUrl": "https://earthquake.usgs.gov/earthquakes/feed/v1.0/detail/ci41340103.geojson",
        "tsunami": false,
        "categories": [
          "Earthquakes"
        ]
      }
    },
    {
      "type": "Feature",
      "id": "aka2026teyrxj",
      "geometry": {
        "type": "Point",
        "coordinates": [
          -150.141,
          61.7,
          25.6
        ]
      },
      "properties": {
        "source": "USGS",
        "evidenceType": "measured-detection",
        "magnitude": 2,
        "depthKm": 25.6,
        "observationUtc": "2026-09-28T03:23:31.770000Z",
        "observation_time": "2026-09-28T03:23:31.770000Z",
        "place": "7 km SW of Willow, Alaska",
        "title": "M 2.0 - 7 km SW of Willow, Alaska",
        "status": "automatic",
        "eventUrl": "https://earthquake.usgs.gov/earthquakes/eventpage/aka2026teyrxj",
        "source_url": "https://earthquake.usgs.gov/earthquakes/eventpage/aka2026teyrxj",
        "detailUrl": "https://earthquake.usgs.gov/earthquakes/feed/v1.0/detail/aka2026teyrxj.geojson",
        "tsunami": false,
        "categories": [
          "Earthquakes"
        ]
      }
    },
    {
      "type": "Feature",
      "id": "pr71534893",
      "geometry": {
        "type": "Point",
        "coordinates": [
          -66.9353333333333,
          17.9396666666667,
          6.8
        ]
      },
      "properties": {
        "source": "USGS",
        "evidenceType": "measured-detection",
        "magnitude": 1.7,
        "depthKm": 6.8,
        "observationUtc": "2026-09-28T03:22:43.740000Z",
        "observation_time": "2026-09-28T03:22:43.740000Z",
        "place": "4 km SW of Guánica, Puerto Rico",
        "title": "M 1.7 - 4 km SW of Guánica, Puerto Rico",
        "status": "reviewed",
        "eventUrl": "https://earthquake.usgs.gov/earthquakes/eventpage/pr71534893",
        "source_url": "https://earthquake.usgs.gov/earthquakes/eventpage/pr71534893",
        "detailUrl": "https://earthquake.usgs.gov/earthquakes/feed/v1.0/detail/pr71534893.geojson",
        "tsunami": false,
        "categories": [
          "Earthquakes"
        ]
      }
    },
    {
      "type": "Feature",
      "id": "ci41340095",
      "geometry": {
        "type": "Point",
        "coordinates": [
          -116.363666666667,
          33.4056666666667,
          10.97
        ]
      },
      "properties": {
        "source": "USGS",
        "evidenceType": "measured-detection",
        "magnitude": 1.16,
        "depthKm": 10.97,
        "observationUtc": "2026-09-28T03:22:16.140000Z",
        "observation_time": "2026-09-28T03:22:16.140000Z",
        "place": "17 km N of Borrego Springs, CA",
        "title": "M 1.2 - 17 km N of Borrego Springs, CA",
        "status": "automatic",
        "eventUrl": "https://earthquake.usgs.gov/earthquakes/eventpage/ci41340095",
        "source_url": "https://earthquake.usgs.gov/earthquakes/eventpage/ci41340095",
        "detailUrl": "https://earthquake.usgs.gov/earthquakes/feed/v1.0/detail/ci41340095.geojson",
        "tsunami": false,
        "categories": [
          "Earthquakes"
        ]
      }
    },
    {
      "type": "Feature",
      "id": "aka2026teynqk",
      "geometry": {
        "type": "Point",
        "coordinates": [
          -150.146,
          62.203,
          7.5
        ]
      },
      "properties": {
        "source": "USGS",
        "evidenceType": "measured-detection",
        "magnitude": 1.6,
        "depthKm": 7.5,
        "observationUtc": "2026-09-28T03:18:35.956000Z",
        "observation_time": "2026-09-28T03:18:35.956000Z",
        "place": "13 km SSE of Trapper Creek, Alaska",
        "title": "M 1.6 - 13 km SSE of Trapper Creek, Alaska",
        "status": "automatic",
        "eventUrl": "https://earthquake.usgs.gov/earthquakes/eventpage/aka2026teynqk",
        "source_url": "https://earthquake.usgs.gov/earthquakes/eventpage/aka2026teynqk",
        "detailUrl": "https://earthquake.usgs.gov/earthquakes/feed/v1.0/detail/aka2026teynqk.geojson",
        "tsunami": false,
        "categories": [
          "Earthquakes"
        ]
      }
    },
    {
      "type": "Feature",
      "id": "aka2026teycsf",
      "geometry": {
        "type": "Point",
        "coordinates": [
          -152.206,
          59.77,
          68.3
        ]
      },
      "properties": {
        "source": "USGS",
        "evidenceType": "measured-detection",
        "magnitude": 2,
        "depthKm": 68.3,
        "observationUtc": "2026-09-28T03:05:59.784000Z",
        "observation_time": "2026-09-28T03:05:59.784000Z",
        "place": "21 km W of Anchor Point, Alaska",
        "title": "M 2.0 - 21 km W of Anchor Point, Alaska",
        "status": "automatic",
        "eventUrl": "https://earthquake.usgs.gov/earthquakes/eventpage/aka2026teycsf",
        "source_url": "https://earthquake.usgs.gov/earthquakes/eventpage/aka2026teycsf",
        "detailUrl": "https://earthquake.usgs.gov/earthquakes/feed/v1.0/detail/aka2026teycsf.geojson",
        "tsunami": false,
        "categories": [
          "Earthquakes"
        ]
      }
    },
    {
      "type": "Feature",
      "id": "ci41340087",
      "geometry": {
        "type": "Point",
        "coordinates": [
          -117.554833333333,
          35.7625,
          10.96
        ]
      },
      "properties": {
        "source": "USGS",
        "evidenceType": "measured-detection",
        "magnitude": 1.13,
        "depthKm": 10.96,
        "observationUtc": "2026-09-28T03:00:18.710000Z",
        "observation_time": "2026-09-28T03:00:18.710000Z",
        "place": "14 km W of Searles Valley, CA",
        "title": "M 1.1 - 14 km W of Searles Valley, CA",
        "status": "automatic",
        "eventUrl": "https://earthquake.usgs.gov/earthquakes/eventpage/ci41340087",
        "source_url": "https://earthquake.usgs.gov/earthquakes/eventpage/ci41340087",
        "detailUrl": "https://earthquake.usgs.gov/earthquakes/feed/v1.0/detail/ci41340087.geojson",
        "tsunami": false,
        "categories": [
          "Earthquakes"
        ]
      }
    },
    {
      "type": "Feature",
      "id": "mb90209358",
      "geometry": {
        "type": "Point",
        "coordinates": [
          -112.536333333333,
          46.914,
          11.71
        ]
      },
      "properties": {
        "source": "USGS",
        "evidenceType": "measured-detection",
        "magnitude": 1.58,
        "depthKm": 11.71,
        "observationUtc": "2026-09-28T02:54:16.350000Z",
        "observation_time": "2026-09-28T02:54:16.350000Z",
        "place": "11 km ESE of Lincoln, Montana",
        "title": "M 1.6 - 11 km ESE of Lincoln, Montana",
        "status": "reviewed",
        "eventUrl": "https://earthquake.usgs.gov/earthquakes/eventpage/mb90209358",
        "source_url": "https://earthquake.usgs.gov/earthquakes/eventpage/mb90209358",
        "detailUrl": "https://earthquake.usgs.gov/earthquakes/feed/v1.0/detail/mb90209358.geojson",
        "tsunami": false,
        "categories": [
          "Earthquakes"
        ]
      }
    },
    {
      "type": "Feature",
      "id": "us6000ty27",
      "geometry": {
        "type": "Point",
        "coordinates": [
          -129.7765,
          50.2372,
          10
        ]
      },
      "properties": {
        "source": "USGS",
        "evidenceType": "measured-detection",
        "magnitude": 4.9,
        "depthKm": 10,
        "observationUtc": "2026-09-28T02:53:43.974000Z",
        "observation_time": "2026-09-28T02:53:43.974000Z",
        "place": "195 km WSW of Port McNeill, Canada",
        "title": "M 4.9 - 195 km WSW of Port McNeill, Canada",
        "status": "reviewed",
        "eventUrl": "https://earthquake.usgs.gov/earthquakes/eventpage/us6000ty27",
        "source_url": "https://earthquake.usgs.gov/earthquakes/eventpage/us6000ty27",
        "detailUrl": "https://earthquake.usgs.gov/earthquakes/feed/v1.0/detail/us6000ty27.geojson",
        "tsunami": false,
        "categories": [
          "Earthquakes"
        ]
      }
    },
    {
      "type": "Feature",
      "id": "ci41340071",
      "geometry": {
        "type": "Point",
        "coordinates": [
          -116.766166666667,
          33.574,
          12.05
        ]
      },
      "properties": {
        "source": "USGS",
        "evidenceType": "measured-detection",
        "magnitude": 1.71,
        "depthKm": 12.05,
        "observationUtc": "2026-09-28T02:42:40.270000Z",
        "observation_time": "2026-09-28T02:42:40.270000Z",
        "place": "9 km WNW of Anza, CA",
        "title": "M 1.7 - 9 km WNW of Anza, CA",
        "status": "reviewed",
        "eventUrl": "https://earthquake.usgs.gov/earthquakes/eventpage/ci41340071",
        "source_url": "https://earthquake.usgs.gov/earthquakes/eventpage/ci41340071",
        "detailUrl": "https://earthquake.usgs.gov/earthquakes/feed/v1.0/detail/ci41340071.geojson",
        "tsunami": false,
        "categories": [
          "Earthquakes"
        ]
      }
    },
    {
      "type": "Feature",
      "id": "aka2026texejf",
      "geometry": {
        "type": "Point",
        "coordinates": [
          -152.493,
          60.124,
          94.9
        ]
      },
      "properties": {
        "source": "USGS",
        "evidenceType": "measured-detection",
        "magnitude": 2,
        "depthKm": 94.9,
        "observationUtc": "2026-09-28T02:39:53.030000Z",
        "observation_time": "2026-09-28T02:39:53.030000Z",
        "place": "46 km W of Ninilchik, Alaska",
        "title": "M 2.0 - 46 km W of Ninilchik, Alaska",
        "status": "automatic",
        "eventUrl": "https://earthquake.usgs.gov/earthquakes/eventpage/aka2026texejf",
        "source_url": "https://earthquake.usgs.gov/earthquakes/eventpage/aka2026texejf",
        "detailUrl": "https://earthquake.usgs.gov/earthquakes/feed/v1.0/detail/aka2026texejf.geojson",
        "tsunami": false,
        "categories": [
          "Earthquakes"
        ]
      }
    },
    {
      "type": "Feature",
      "id": "aka2026tewzkg",
      "geometry": {
        "type": "Point",
        "coordinates": [
          -146.63,
          61.71,
          0.1
        ]
      },
      "properties": {
        "source": "USGS",
        "evidenceType": "measured-detection",
        "magnitude": 2.2,
        "depthKm": 0.1,
        "observationUtc": "2026-09-28T02:32:10.245000Z",
        "observation_time": "2026-09-28T02:32:10.245000Z",
        "place": "32 km SSE of Nelchina, Alaska",
        "title": "M 2.2 - 32 km SSE of Nelchina, Alaska",
        "status": "automatic",
        "eventUrl": "https://earthquake.usgs.gov/earthquakes/eventpage/aka2026tewzkg",
        "source_url": "https://earthquake.usgs.gov/earthquakes/eventpage/aka2026tewzkg",
        "detailUrl": "https://earthquake.usgs.gov/earthquakes/feed/v1.0/detail/aka2026tewzkg.geojson",
        "tsunami": false,
        "categories": [
          "Earthquakes"
        ]
      }
    },
    {
      "type": "Feature",
      "id": "hv75044407",
      "geometry": {
        "type": "Point",
        "coordinates": [
          -155.378005981445,
          19.1660003662109,
          29.3099994659424
        ]
      },
      "properties": {
        "source": "USGS",
        "evidenceType": "measured-detection",
        "magnitude": 2.11,
        "depthKm": 29.3099994659424,
        "observationUtc": "2026-09-28T02:21:28.800000Z",
        "observation_time": "2026-09-28T02:21:28.800000Z",
        "place": "11 km ESE of Pāhala, Hawaii",
        "title": "M 2.1 - 11 km ESE of Pāhala, Hawaii",
        "status": "automatic",
        "eventUrl": "https://earthquake.usgs.gov/earthquakes/eventpage/hv75044407",
        "source_url": "https://earthquake.usgs.gov/earthquakes/eventpage/hv75044407",
        "detailUrl": "https://earthquake.usgs.gov/earthquakes/feed/v1.0/detail/hv75044407.geojson",
        "tsunami": false,
        "categories": [
          "Earthquakes"
        ]
      }
    },
    {
      "type": "Feature",
      "id": "aka2026tewfxq",
      "geometry": {
        "type": "Point",
        "coordinates": [
          -155.133,
          58.227,
          7.1
        ]
      },
      "properties": {
        "source": "USGS",
        "evidenceType": "measured-detection",
        "magnitude": 0.5,
        "depthKm": 7.1,
        "observationUtc": "2026-09-28T02:09:42.541000Z",
        "observation_time": "2026-09-28T02:09:42.541000Z",
        "place": "83 km NNW of Karluk, Alaska",
        "title": "M 0.5 - 83 km NNW of Karluk, Alaska",
        "status": "automatic",
        "eventUrl": "https://earthquake.usgs.gov/earthquakes/eventpage/aka2026tewfxq",
        "source_url": "https://earthquake.usgs.gov/earthquakes/eventpage/aka2026tewfxq",
        "detailUrl": "https://earthquake.usgs.gov/earthquakes/feed/v1.0/detail/aka2026tewfxq.geojson",
        "tsunami": false,
        "categories": [
          "Earthquakes"
        ]
      }
    },
    {
      "type": "Feature",
      "id": "tx2026tbtncl",
      "geometry": {
        "type": "Point",
        "coordinates": [
          -102.117,
          32.429,
          8.4229
        ]
      },
      "properties": {
        "source": "USGS",
        "evidenceType": "measured-detection",
        "magnitude": 1.4,
        "depthKm": 8.4229,
        "observationUtc": "2026-09-28T01:44:16.492000Z",
        "observation_time": "2026-09-28T01:44:16.492000Z",
        "place": "37 km SSW of Los Ybanez, Texas",
        "title": "M 1.4 - 37 km SSW of Los Ybanez, Texas",
        "status": "reviewed",
        "eventUrl": "https://earthquake.usgs.gov/earthquakes/eventpage/tx2026tbtncl",
        "source_url": "https://earthquake.usgs.gov/earthquakes/eventpage/tx2026tbtncl",
        "detailUrl": "https://earthquake.usgs.gov/earthquakes/feed/v1.0/detail/tx2026tbtncl.geojson",
        "tsunami": false,
        "categories": [
          "Earthquakes"
        ]
      }
    },
    {
      "type": "Feature",
      "id": "tx2026tbsorg",
      "geometry": {
        "type": "Point",
        "coordinates": [
          -104.505,
          31.717,
          5.7922
        ]
      },
      "properties": {
        "source": "USGS",
        "evidenceType": "measured-detection",
        "magnitude": 2.5,
        "depthKm": 5.7922,
        "observationUtc": "2026-09-28T01:15:29.698000Z",
        "observation_time": "2026-09-28T01:15:29.698000Z",
        "place": "52 km SSW of Whites City, New Mexico",
        "title": "M 2.5 - 52 km SSW of Whites City, New Mexico",
        "status": "reviewed",
        "eventUrl": "https://earthquake.usgs.gov/earthquakes/eventpage/tx2026tbsorg",
        "source_url": "https://earthquake.usgs.gov/earthquakes/eventpage/tx2026tbsorg",
        "detailUrl": "https://earthquake.usgs.gov/earthquakes/feed/v1.0/detail/tx2026tbsorg.geojson",
        "tsunami": false,
        "categories": [
          "Earthquakes"
        ]
      }
    },
    {
      "type": "Feature",
      "id": "aka2026teuien",
      "geometry": {
        "type": "Point",
        "coordinates": [
          -152.366,
          59.534,
          67.2
        ]
      },
      "properties": {
        "source": "USGS",
        "evidenceType": "measured-detection",
        "magnitude": 2.3,
        "depthKm": 67.2,
        "observationUtc": "2026-09-28T01:12:20.376000Z",
        "observation_time": "2026-09-28T01:12:20.376000Z",
        "place": "32 km NW of Nanwalek, Alaska",
        "title": "M 2.3 - 32 km NW of Nanwalek, Alaska",
        "status": "automatic",
        "eventUrl": "https://earthquake.usgs.gov/earthquakes/eventpage/aka2026teuien",
        "source_url": "https://earthquake.usgs.gov/earthquakes/eventpage/aka2026teuien",
        "detailUrl": "https://earthquake.usgs.gov/earthquakes/feed/v1.0/detail/aka2026teuien.geojson",
        "tsunami": false,
        "categories": [
          "Earthquakes"
        ]
      }
    },
    {
      "type": "Feature",
      "id": "aka2026teucga",
      "geometry": {
        "type": "Point",
        "coordinates": [
          -150.872,
          61.625,
          61.9
        ]
      },
      "properties": {
        "source": "USGS",
        "evidenceType": "measured-detection",
        "magnitude": 2,
        "depthKm": 61.9,
        "observationUtc": "2026-09-28T01:07:22.111000Z",
        "observation_time": "2026-09-28T01:07:22.111000Z",
        "place": "21 km WNW of Susitna, Alaska",
        "title": "M 2.0 - 21 km WNW of Susitna, Alaska",
        "status": "automatic",
        "eventUrl": "https://earthquake.usgs.gov/earthquakes/eventpage/aka2026teucga",
        "source_url": "https://earthquake.usgs.gov/earthquakes/eventpage/aka2026teucga",
        "detailUrl": "https://earthquake.usgs.gov/earthquakes/feed/v1.0/detail/aka2026teucga.geojson",
        "tsunami": false,
        "categories": [
          "Earthquakes"
        ]
      }
    },
    {
      "type": "Feature",
      "id": "pr71534883",
      "geometry": {
        "type": "Point",
        "coordinates": [
          -68.8423333333333,
          18.3016666666667,
          156.59
        ]
      },
      "properties": {
        "source": "USGS",
        "evidenceType": "measured-detection",
        "magnitude": 3.43,
        "depthKm": 156.59,
        "observationUtc": "2026-09-28T01:05:11.190000Z",
        "observation_time": "2026-09-28T01:05:11.190000Z",
        "place": "19 km SE of La Romana, Dominican Republic",
        "title": "M 3.4 - 19 km SE of La Romana, Dominican Republic",
        "status": "reviewed",
        "eventUrl": "https://earthquake.usgs.gov/earthquakes/eventpage/pr71534883",
        "source_url": "https://earthquake.usgs.gov/earthquakes/eventpage/pr71534883",
        "detailUrl": "https://earthquake.usgs.gov/earthquakes/feed/v1.0/detail/pr71534883.geojson",
        "tsunami": false,
        "categories": [
          "Earthquakes"
        ]
      }
    },
    {
      "type": "Feature",
      "id": "aka2026teuaqx",
      "geometry": {
        "type": "Point",
        "coordinates": [
          -153.303,
          59.816,
          139
        ]
      },
      "properties": {
        "source": "USGS",
        "evidenceType": "measured-detection",
        "magnitude": 3.1,
        "depthKm": 139,
        "observationUtc": "2026-09-28T01:03:39.496000Z",
        "observation_time": "2026-09-28T01:03:39.496000Z",
        "place": "45 km E of Pedro Bay, Alaska",
        "title": "M 3.1 - 45 km E of Pedro Bay, Alaska",
        "status": "automatic",
        "eventUrl": "https://earthquake.usgs.gov/earthquakes/eventpage/aka2026teuaqx",
        "source_url": "https://earthquake.usgs.gov/earthquakes/eventpage/aka2026teuaqx",
        "detailUrl": "https://earthquake.usgs.gov/earthquakes/feed/v1.0/detail/aka2026teuaqx.geojson",
        "tsunami": false,
        "categories": [
          "Earthquakes"
        ]
      }
    },
    {
      "type": "Feature",
      "id": "us6000ty1l",
      "geometry": {
        "type": "Point",
        "coordinates": [
          119.503,
          15.4374,
          10
        ]
      },
      "properties": {
        "source": "USGS",
        "evidenceType": "measured-detection",
        "magnitude": 4.9,
        "depthKm": 10,
        "observationUtc": "2026-09-28T00:54:43.108000Z",
        "observation_time": "2026-09-28T00:54:43.108000Z",
        "place": "43 km W of Palauig, Philippines",
        "title": "M 4.9 - 43 km W of Palauig, Philippines",
        "status": "reviewed",
        "eventUrl": "https://earthquake.usgs.gov/earthquakes/eventpage/us6000ty1l",
        "source_url": "https://earthquake.usgs.gov/earthquakes/eventpage/us6000ty1l",
        "detailUrl": "https://earthquake.usgs.gov/earthquakes/feed/v1.0/detail/us6000ty1l.geojson",
        "tsunami": false,
        "categories": [
          "Earthquakes"
        ]
      }
    },
    {
      "type": "Feature",
      "id": "ci41340055",
      "geometry": {
        "type": "Point",
        "coordinates": [
          -116.859833333333,
          34.2938333333333,
          4.28
        ]
      },
      "properties": {
        "source": "USGS",
        "evidenceType": "measured-detection",
        "magnitude": 0.8,
        "depthKm": 4.28,
        "observationUtc": "2026-09-28T00:47:47.400000Z",
        "observation_time": "2026-09-28T00:47:47.400000Z",
        "place": "4 km NNW of Big Bear City, CA",
        "title": "M 0.8 - 4 km NNW of Big Bear City, CA",
        "status": "reviewed",
        "eventUrl": "https://earthquake.usgs.gov/earthquakes/eventpage/ci41340055",
        "source_url": "https://earthquake.usgs.gov/earthquakes/eventpage/ci41340055",
        "detailUrl": "https://earthquake.usgs.gov/earthquakes/feed/v1.0/detail/ci41340055.geojson",
        "tsunami": false,
        "categories": [
          "Earthquakes"
        ]
      }
    },
    {
      "type": "Feature",
      "id": "us6000ty1m",
      "geometry": {
        "type": "Point",
        "coordinates": [
          168.6452,
          -21.4457,
          10
        ]
      },
      "properties": {
        "source": "USGS",
        "evidenceType": "measured-detection",
        "magnitude": 4.8,
        "depthKm": 10,
        "observationUtc": "2026-09-28T00:47:33.083000Z",
        "observation_time": "2026-09-28T00:47:33.083000Z",
        "place": "80 km E of Tadine, New Caledonia",
        "title": "M 4.8 - 80 km E of Tadine, New Caledonia",
        "status": "reviewed",
        "eventUrl": "https://earthquake.usgs.gov/earthquakes/eventpage/us6000ty1m",
        "source_url": "https://earthquake.usgs.gov/earthquakes/eventpage/us6000ty1m",
        "detailUrl": "https://earthquake.usgs.gov/earthquakes/feed/v1.0/detail/us6000ty1m.geojson",
        "tsunami": false,
        "categories": [
          "Earthquakes"
        ]
      }
    },
    {
      "type": "Feature",
      "id": "us6000ty1j",
      "geometry": {
        "type": "Point",
        "coordinates": [
          163.9027,
          58.7371,
          10
        ]
      },
      "properties": {
        "source": "USGS",
        "evidenceType": "measured-detection",
        "magnitude": 4.5,
        "depthKm": 10,
        "observationUtc": "2026-09-28T00:37:59.117000Z",
        "observation_time": "2026-09-28T00:37:59.117000Z",
        "place": "74 km SE of Ossora, Russia",
        "title": "M 4.5 - 74 km SE of Ossora, Russia",
        "status": "reviewed",
        "eventUrl": "https://earthquake.usgs.gov/earthquakes/eventpage/us6000ty1j",
        "source_url": "https://earthquake.usgs.gov/earthquakes/eventpage/us6000ty1j",
        "detailUrl": "https://earthquake.usgs.gov/earthquakes/feed/v1.0/detail/us6000ty1j.geojson",
        "tsunami": false,
        "categories": [
          "Earthquakes"
        ]
      }
    },
    {
      "type": "Feature",
      "id": "hv75044377",
      "geometry": {
        "type": "Point",
        "coordinates": [
          -155.472839355469,
          19.1961669921875,
          28.5100002288818
        ]
      },
      "properties": {
        "source": "USGS",
        "evidenceType": "measured-detection",
        "magnitude": 1.74,
        "depthKm": 28.5100002288818,
        "observationUtc": "2026-09-28T00:21:47.720000Z",
        "observation_time": "2026-09-28T00:21:47.720000Z",
        "place": "0 km SE of Pāhala, Hawaii",
        "title": "M 1.7 - 0 km SE of Pāhala, Hawaii",
        "status": "automatic",
        "eventUrl": "https://earthquake.usgs.gov/earthquakes/eventpage/hv75044377",
        "source_url": "https://earthquake.usgs.gov/earthquakes/eventpage/hv75044377",
        "detailUrl": "https://earthquake.usgs.gov/earthquakes/feed/v1.0/detail/hv75044377.geojson",
        "tsunami": false,
        "categories": [
          "Earthquakes"
        ]
      }
    },
    {
      "type": "Feature",
      "id": "nc75443562",
      "geometry": {
        "type": "Point",
        "coordinates": [
          -122.78133392334,
          38.803165435791,
          3.60999989509583
        ]
      },
      "properties": {
        "source": "USGS",
        "evidenceType": "measured-detection",
        "magnitude": 0.75,
        "depthKm": 3.60999989509583,
        "observationUtc": "2026-09-28T00:15:24.850000Z",
        "observation_time": "2026-09-28T00:15:24.850000Z",
        "place": "4 km NW of The Geysers, CA",
        "title": "M 0.8 - 4 km NW of The Geysers, CA",
        "status": "automatic",
        "eventUrl": "https://earthquake.usgs.gov/earthquakes/eventpage/nc75443562",
        "source_url": "https://earthquake.usgs.gov/earthquakes/eventpage/nc75443562",
        "detailUrl": "https://earthquake.usgs.gov/earthquakes/feed/v1.0/detail/nc75443562.geojson",
        "tsunami": false,
        "categories": [
          "Earthquakes"
        ]
      }
    },
    {
      "type": "Feature",
      "id": "uw714110692",
      "geometry": {
        "type": "Point",
        "coordinates": [
          -121.523498535156,
          46.2078323364258,
          2.26999998092651
        ]
      },
      "properties": {
        "source": "USGS",
        "evidenceType": "measured-detection",
        "magnitude": 2.6251904964447,
        "depthKm": 2.26999998092651,
        "observationUtc": "2026-09-28T00:12:09.480000Z",
        "observation_time": "2026-09-28T00:12:09.480000Z",
        "place": "23 km N of Trout Lake, Washington",
        "title": "M 2.6 - 23 km N of Trout Lake, Washington",
        "status": "automatic",
        "eventUrl": "https://earthquake.usgs.gov/earthquakes/eventpage/uw714110692",
        "source_url": "https://earthquake.usgs.gov/earthquakes/eventpage/uw714110692",
        "detailUrl": "https://earthquake.usgs.gov/earthquakes/feed/v1.0/detail/uw714110692.geojson",
        "tsunami": false,
        "categories": [
          "Earthquakes"
        ]
      }
    },
    {
      "type": "Feature",
      "id": "aka2026tescqz",
      "geometry": {
        "type": "Point",
        "coordinates": [
          -151.2,
          62.44,
          11
        ]
      },
      "properties": {
        "source": "USGS",
        "evidenceType": "measured-detection",
        "magnitude": 1.4,
        "depthKm": 11,
        "observationUtc": "2026-09-28T00:06:00.730000Z",
        "observation_time": "2026-09-28T00:06:00.730000Z",
        "place": "23 km WSW of Petersville, Alaska",
        "title": "M 1.4 - 23 km WSW of Petersville, Alaska",
        "status": "automatic",
        "eventUrl": "https://earthquake.usgs.gov/earthquakes/eventpage/aka2026tescqz",
        "source_url": "https://earthquake.usgs.gov/earthquakes/eventpage/aka2026tescqz",
        "detailUrl": "https://earthquake.usgs.gov/earthquakes/feed/v1.0/detail/aka2026tescqz.geojson",
        "tsunami": false,
        "categories": [
          "Earthquakes"
        ]
      }
    },
    {
      "type": "Feature",
      "id": "tx2026tbqgoz",
      "geometry": {
        "type": "Point",
        "coordinates": [
          -103.976,
          31.619,
          7.1765
        ]
      },
      "properties": {
        "source": "USGS",
        "evidenceType": "measured-detection",
        "magnitude": 1.6,
        "depthKm": 7.1765,
        "observationUtc": "2026-09-28T00:05:51.408000Z",
        "observation_time": "2026-09-28T00:05:51.408000Z",
        "place": "36 km WSW of Mentone, Texas",
        "title": "M 1.6 - 36 km WSW of Mentone, Texas",
        "status": "reviewed",
        "eventUrl": "https://earthquake.usgs.gov/earthquakes/eventpage/tx2026tbqgoz",
        "source_url": "https://earthquake.usgs.gov/earthquakes/eventpage/tx2026tbqgoz",
        "detailUrl": "https://earthquake.usgs.gov/earthquakes/feed/v1.0/detail/tx2026tbqgoz.geojson",
        "tsunami": false,
        "categories": [
          "Earthquakes"
        ]
      }
    },
    {
      "type": "Feature",
      "id": "us6000ty1a",
      "geometry": {
        "type": "Point",
        "coordinates": [
          -179.7824,
          -21.9936,
          602.188
        ]
      },
      "properties": {
        "source": "USGS",
        "evidenceType": "measured-detection",
        "magnitude": 4.5,
        "depthKm": 602.188,
        "observationUtc": "2026-09-27T23:55:48.800000Z",
        "observation_time": "2026-09-27T23:55:48.800000Z",
        "place": "Fiji region",
        "title": "M 4.5 - Fiji region",
        "status": "reviewed",
        "eventUrl": "https://earthquake.usgs.gov/earthquakes/eventpage/us6000ty1a",
        "source_url": "https://earthquake.usgs.gov/earthquakes/eventpage/us6000ty1a",
        "detailUrl": "https://earthquake.usgs.gov/earthquakes/feed/v1.0/detail/us6000ty1a.geojson",
        "tsunami": false,
        "categories": [
          "Earthquakes"
        ]
      }
    },
    {
      "type": "Feature",
      "id": "ci41340047",
      "geometry": {
        "type": "Point",
        "coordinates": [
          -116.706666666667,
          33.5351666666667,
          5.51
        ]
      },
      "properties": {
        "source": "USGS",
        "evidenceType": "measured-detection",
        "magnitude": 0.77,
        "depthKm": 5.51,
        "observationUtc": "2026-09-27T23:52:37.880000Z",
        "observation_time": "2026-09-27T23:52:37.880000Z",
        "place": "4 km SW of Anza, CA",
        "title": "M 0.8 - 4 km SW of Anza, CA",
        "status": "reviewed",
        "eventUrl": "https://earthquake.usgs.gov/earthquakes/eventpage/ci41340047",
        "source_url": "https://earthquake.usgs.gov/earthquakes/eventpage/ci41340047",
        "detailUrl": "https://earthquake.usgs.gov/earthquakes/feed/v1.0/detail/ci41340047.geojson",
        "tsunami": false,
        "categories": [
          "Earthquakes"
        ]
      }
    },
    {
      "type": "Feature",
      "id": "tx2026tbppja",
      "geometry": {
        "type": "Point",
        "coordinates": [
          -104.312,
          31.617,
          8.4583
        ]
      },
      "properties": {
        "source": "USGS",
        "evidenceType": "measured-detection",
        "magnitude": 2.5,
        "depthKm": 8.4583,
        "observationUtc": "2026-09-27T23:45:52.397000Z",
        "observation_time": "2026-09-27T23:45:52.397000Z",
        "place": "59 km NW of Toyah, Texas",
        "title": "M 2.5 - 59 km NW of Toyah, Texas",
        "status": "reviewed",
        "eventUrl": "https://earthquake.usgs.gov/earthquakes/eventpage/tx2026tbppja",
        "source_url": "https://earthquake.usgs.gov/earthquakes/eventpage/tx2026tbppja",
        "detailUrl": "https://earthquake.usgs.gov/earthquakes/feed/v1.0/detail/tx2026tbppja.geojson",
        "tsunami": false,
        "categories": [
          "Earthquakes"
        ]
      }
    },
    {
      "type": "Feature",
      "id": "ci41340039",
      "geometry": {
        "type": "Point",
        "coordinates": [
          -117.243,
          34.0471666666667,
          15.73
        ]
      },
      "properties": {
        "source": "USGS",
        "evidenceType": "measured-detection",
        "magnitude": 0.76,
        "depthKm": 15.73,
        "observationUtc": "2026-09-27T23:43:28.020000Z",
        "observation_time": "2026-09-27T23:43:28.020000Z",
        "place": "2 km E of Loma Linda, CA",
        "title": "M 0.8 - 2 km E of Loma Linda, CA",
        "status": "reviewed",
        "eventUrl": "https://earthquake.usgs.gov/earthquakes/eventpage/ci41340039",
        "source_url": "https://earthquake.usgs.gov/earthquakes/eventpage/ci41340039",
        "detailUrl": "https://earthquake.usgs.gov/earthquakes/feed/v1.0/detail/ci41340039.geojson",
        "tsunami": false,
        "categories": [
          "Earthquakes"
        ]
      }
    },
    {
      "type": "Feature",
      "id": "ci41340031",
      "geometry": {
        "type": "Point",
        "coordinates": [
          -117.689666666667,
          35.0338333333333,
          1.3
        ]
      },
      "properties": {
        "source": "USGS",
        "evidenceType": "measured-detection",
        "magnitude": 1.51,
        "depthKm": 1.3,
        "observationUtc": "2026-09-27T23:19:12.230000Z",
        "observation_time": "2026-09-27T23:19:12.230000Z",
        "place": "5 km NW of Boron, CA",
        "title": "M 1.5 - 5 km NW of Boron, CA",
        "status": "automatic",
        "eventUrl": "https://earthquake.usgs.gov/earthquakes/eventpage/ci41340031",
        "source_url": "https://earthquake.usgs.gov/earthquakes/eventpage/ci41340031",
        "detailUrl": "https://earthquake.usgs.gov/earthquakes/feed/v1.0/detail/ci41340031.geojson",
        "tsunami": false,
        "categories": [
          "Earthquakes"
        ]
      }
    },
    {
      "type": "Feature",
      "id": "ci41340023",
      "geometry": {
        "type": "Point",
        "coordinates": [
          -116.705666666667,
          33.5385,
          5.91
        ]
      },
      "properties": {
        "source": "USGS",
        "evidenceType": "measured-detection",
        "magnitude": 0.5,
        "depthKm": 5.91,
        "observationUtc": "2026-09-27T23:12:22.870000Z",
        "observation_time": "2026-09-27T23:12:22.870000Z",
        "place": "3 km WSW of Anza, CA",
        "title": "M 0.5 - 3 km WSW of Anza, CA",
        "status": "reviewed",
        "eventUrl": "https://earthquake.usgs.gov/earthquakes/eventpage/ci41340023",
        "source_url": "https://earthquake.usgs.gov/earthquakes/eventpage/ci41340023",
        "detailUrl": "https://earthquake.usgs.gov/earthquakes/feed/v1.0/detail/ci41340023.geojson",
        "tsunami": false,
        "categories": [
          "Earthquakes"
        ]
      }
    },
    {
      "type": "Feature",
      "id": "nc75443512",
      "geometry": {
        "type": "Point",
        "coordinates": [
          -122.762832641602,
          38.7988319396973,
          -0.259999990463257
        ]
      },
      "properties": {
        "source": "USGS",
        "evidenceType": "measured-detection",
        "magnitude": 1.12,
        "depthKm": -0.259999990463257,
        "observationUtc": "2026-09-27T23:06:03.920000Z",
        "observation_time": "2026-09-27T23:06:03.920000Z",
        "place": "2 km NNW of The Geysers, CA",
        "title": "M 1.1 - 2 km NNW of The Geysers, CA",
        "status": "automatic",
        "eventUrl": "https://earthquake.usgs.gov/earthquakes/eventpage/nc75443512",
        "source_url": "https://earthquake.usgs.gov/earthquakes/eventpage/nc75443512",
        "detailUrl": "https://earthquake.usgs.gov/earthquakes/feed/v1.0/detail/nc75443512.geojson",
        "tsunami": false,
        "categories": [
          "Earthquakes"
        ]
      }
    },
    {
      "type": "Feature",
      "id": "nc75443507",
      "geometry": {
        "type": "Point",
        "coordinates": [
          -123.374000549316,
          39.5761680603027,
          6.88000011444092
        ]
      },
      "properties": {
        "source": "USGS",
        "evidenceType": "measured-detection",
        "magnitude": 2.16,
        "depthKm": 6.88000011444092,
        "observationUtc": "2026-09-27T23:02:56.570000Z",
        "observation_time": "2026-09-27T23:02:56.570000Z",
        "place": "15 km N of Brooktrails, CA",
        "title": "M 2.2 - 15 km N of Brooktrails, CA",
        "status": "automatic",
        "eventUrl": "https://earthquake.usgs.gov/earthquakes/eventpage/nc75443507",
        "source_url": "https://earthquake.usgs.gov/earthquakes/eventpage/nc75443507",
        "detailUrl": "https://earthquake.usgs.gov/earthquakes/feed/v1.0/detail/nc75443507.geojson",
        "tsunami": false,
        "categories": [
          "Earthquakes"
        ]
      }
    },
    {
      "type": "Feature",
      "id": "ci41340015",
      "geometry": {
        "type": "Point",
        "coordinates": [
          -116.971166666667,
          34.2143333333333,
          1.09
        ]
      },
      "properties": {
        "source": "USGS",
        "evidenceType": "measured-detection",
        "magnitude": 1.02,
        "depthKm": 1.09,
        "observationUtc": "2026-09-27T22:42:18.830000Z",
        "observation_time": "2026-09-27T22:42:18.830000Z",
        "place": "6 km WSW of Big Bear Lake, CA",
        "title": "M 1.0 - 6 km WSW of Big Bear Lake, CA",
        "status": "automatic",
        "eventUrl": "https://earthquake.usgs.gov/earthquakes/eventpage/ci41340015",
        "source_url": "https://earthquake.usgs.gov/earthquakes/eventpage/ci41340015",
        "detailUrl": "https://earthquake.usgs.gov/earthquakes/feed/v1.0/detail/ci41340015.geojson",
        "tsunami": false,
        "categories": [
          "Earthquakes"
        ]
      }
    },
    {
      "type": "Feature",
      "id": "aka2026teozvl",
      "geometry": {
        "type": "Point",
        "coordinates": [
          -155.784,
          60.535,
          5
        ]
      },
      "properties": {
        "source": "USGS",
        "evidenceType": "measured-detection",
        "magnitude": 2.3,
        "depthKm": 5,
        "observationUtc": "2026-09-27T22:32:40.757000Z",
        "observation_time": "2026-09-27T22:32:40.757000Z",
        "place": "81 km NW of Nondalton, Alaska",
        "title": "M 2.3 - 81 km NW of Nondalton, Alaska",
        "status": "automatic",
        "eventUrl": "https://earthquake.usgs.gov/earthquakes/eventpage/aka2026teozvl",
        "source_url": "https://earthquake.usgs.gov/earthquakes/eventpage/aka2026teozvl",
        "detailUrl": "https://earthquake.usgs.gov/earthquakes/feed/v1.0/detail/aka2026teozvl.geojson",
        "tsunami": false,
        "categories": [
          "Earthquakes"
        ]
      }
    },
    {
      "type": "Feature",
      "id": "aka2026teoitp",
      "geometry": {
        "type": "Point",
        "coordinates": [
          -155.587,
          57.867,
          20.3
        ]
      },
      "properties": {
        "source": "USGS",
        "evidenceType": "measured-detection",
        "magnitude": 1.2,
        "depthKm": 20.3,
        "observationUtc": "2026-09-27T22:13:05.956000Z",
        "observation_time": "2026-09-27T22:13:05.956000Z",
        "place": "75 km WNW of Karluk, Alaska",
        "title": "M 1.2 - 75 km WNW of Karluk, Alaska",
        "status": "automatic",
        "eventUrl": "https://earthquake.usgs.gov/earthquakes/eventpage/aka2026teoitp",
        "source_url": "https://earthquake.usgs.gov/earthquakes/eventpage/aka2026teoitp",
        "detailUrl": "https://earthquake.usgs.gov/earthquakes/feed/v1.0/detail/aka2026teoitp.geojson",
        "tsunami": false,
        "categories": [
          "Earthquakes"
        ]
      }
    },
    {
      "type": "Feature",
      "id": "nc75443452",
      "geometry": {
        "type": "Point",
        "coordinates": [
          -122.406997680664,
          38.3683319091797,
          7.53000020980835
        ]
      },
      "properties": {
        "source": "USGS",
        "evidenceType": "measured-detection",
        "magnitude": 2.22,
        "depthKm": 7.53000020980835,
        "observationUtc": "2026-09-27T22:10:29.370000Z",
        "observation_time": "2026-09-27T22:10:29.370000Z",
        "place": "5 km SW of Yountville, CA",
        "title": "M 2.2 - 5 km SW of Yountville, CA",
        "status": "automatic",
        "eventUrl": "https://earthquake.usgs.gov/earthquakes/eventpage/nc75443452",
        "source_url": "https://earthquake.usgs.gov/earthquakes/eventpage/nc75443452",
        "detailUrl": "https://earthquake.usgs.gov/earthquakes/feed/v1.0/detail/nc75443452.geojson",
        "tsunami": false,
        "categories": [
          "Earthquakes"
        ]
      }
    },
    {
      "type": "Feature",
      "id": "us6000ty2n",
      "geometry": {
        "type": "Point",
        "coordinates": [
          -174.5615,
          51.5777,
          10
        ]
      },
      "properties": {
        "source": "USGS",
        "evidenceType": "measured-detection",
        "magnitude": 3.5,
        "depthKm": 10,
        "observationUtc": "2026-09-27T22:09:02.880000Z",
        "observation_time": "2026-09-27T22:09:02.880000Z",
        "place": "73 km SSW of Atka, Alaska",
        "title": "M 3.5 - 73 km SSW of Atka, Alaska",
        "status": "reviewed",
        "eventUrl": "https://earthquake.usgs.gov/earthquakes/eventpage/us6000ty2n",
        "source_url": "https://earthquake.usgs.gov/earthquakes/eventpage/us6000ty2n",
        "detailUrl": "https://earthquake.usgs.gov/earthquakes/feed/v1.0/detail/us6000ty2n.geojson",
        "tsunami": false,
        "categories": [
          "Earthquakes"
        ]
      }
    },
    {
      "type": "Feature",
      "id": "us6000ty0u",
      "geometry": {
        "type": "Point",
        "coordinates": [
          -76.7753,
          4.5313,
          70.497
        ]
      },
      "properties": {
        "source": "USGS",
        "evidenceType": "measured-detection",
        "magnitude": 4.6,
        "depthKm": 70.497,
        "observationUtc": "2026-09-27T21:57:52.827000Z",
        "observation_time": "2026-09-27T21:57:52.827000Z",
        "place": "19 km SW of Sipí, Colombia",
        "title": "M 4.6 - 19 km SW of Sipí, Colombia",
        "status": "reviewed",
        "eventUrl": "https://earthquake.usgs.gov/earthquakes/eventpage/us6000ty0u",
        "source_url": "https://earthquake.usgs.gov/earthquakes/eventpage/us6000ty0u",
        "detailUrl": "https://earthquake.usgs.gov/earthquakes/feed/v1.0/detail/us6000ty0u.geojson",
        "tsunami": false,
        "categories": [
          "Earthquakes"
        ]
      }
    },
    {
      "type": "Feature",
      "id": "aka2026tenrvu",
      "geometry": {
        "type": "Point",
        "coordinates": [
          -149.453,
          62.611,
          61.7
        ]
      },
      "properties": {
        "source": "USGS",
        "evidenceType": "measured-detection",
        "magnitude": 2.6,
        "depthKm": 61.7,
        "observationUtc": "2026-09-27T21:53:36.911000Z",
        "observation_time": "2026-09-27T21:53:36.911000Z",
        "place": "37 km ENE of Chase, Alaska",
        "title": "M 2.6 - 37 km ENE of Chase, Alaska",
        "status": "automatic",
        "eventUrl": "https://earthquake.usgs.gov/earthquakes/eventpage/aka2026tenrvu",
        "source_url": "https://earthquake.usgs.gov/earthquakes/eventpage/aka2026tenrvu",
        "detailUrl": "https://earthquake.usgs.gov/earthquakes/feed/v1.0/detail/aka2026tenrvu.geojson",
        "tsunami": false,
        "categories": [
          "Earthquakes"
        ]
      }
    },
    {
      "type": "Feature",
      "id": "us6000ty0q",
      "geometry": {
        "type": "Point",
        "coordinates": [
          -68.9986,
          18.5869,
          119.235
        ]
      },
      "properties": {
        "source": "USGS",
        "evidenceType": "measured-detection",
        "magnitude": 4.8,
        "depthKm": 119.235,
        "observationUtc": "2026-09-27T21:49:48.024000Z",
        "observation_time": "2026-09-27T21:49:48.024000Z",
        "place": "2 km W of Guaymate, Dominican Republic",
        "title": "M 4.8 - 2 km W of Guaymate, Dominican Republic",
        "status": "reviewed",
        "eventUrl": "https://earthquake.usgs.gov/earthquakes/eventpage/us6000ty0q",
        "source_url": "https://earthquake.usgs.gov/earthquakes/eventpage/us6000ty0q",
        "detailUrl": "https://earthquake.usgs.gov/earthquakes/feed/v1.0/detail/us6000ty0q.geojson",
        "tsunami": false,
        "categories": [
          "Earthquakes"
        ]
      }
    },
    {
      "type": "Feature",
      "id": "nc75443422",
      "geometry": {
        "type": "Point",
        "coordinates": [
          -122.84366607666,
          38.8250007629395,
          1.96000003814697
        ]
      },
      "properties": {
        "source": "USGS",
        "evidenceType": "measured-detection",
        "magnitude": 0.76,
        "depthKm": 1.96000003814697,
        "observationUtc": "2026-09-27T21:44:17.880000Z",
        "observation_time": "2026-09-27T21:44:17.880000Z",
        "place": "9 km NW of The Geysers, CA",
        "title": "M 0.8 - 9 km NW of The Geysers, CA",
        "status": "automatic",
        "eventUrl": "https://earthquake.usgs.gov/earthquakes/eventpage/nc75443422",
        "source_url": "https://earthquake.usgs.gov/earthquakes/eventpage/nc75443422",
        "detailUrl": "https://earthquake.usgs.gov/earthquakes/feed/v1.0/detail/nc75443422.geojson",
        "tsunami": false,
        "categories": [
          "Earthquakes"
        ]
      }
    },
    {
      "type": "Feature",
      "id": "nc75443407",
      "geometry": {
        "type": "Point",
        "coordinates": [
          -122.775833129883,
          38.7853317260742,
          3.08999991416931
        ]
      },
      "properties": {
        "source": "USGS",
        "evidenceType": "measured-detection",
        "magnitude": 0.35,
        "depthKm": 3.08999991416931,
        "observationUtc": "2026-09-27T21:40:16.610000Z",
        "observation_time": "2026-09-27T21:40:16.610000Z",
        "place": "2 km WNW of The Geysers, CA",
        "title": "M 0.4 - 2 km WNW of The Geysers, CA",
        "status": "automatic",
        "eventUrl": "https://earthquake.usgs.gov/earthquakes/eventpage/nc75443407",
        "source_url": "https://earthquake.usgs.gov/earthquakes/eventpage/nc75443407",
        "detailUrl": "https://earthquake.usgs.gov/earthquakes/feed/v1.0/detail/nc75443407.geojson",
        "tsunami": false,
        "categories": [
          "Earthquakes"
        ]
      }
    },
    {
      "type": "Feature",
      "id": "ci41340007",
      "geometry": {
        "type": "Point",
        "coordinates": [
          -116.825666666667,
          33.9781666666667,
          17.69
        ]
      },
      "properties": {
        "source": "USGS",
        "evidenceType": "measured-detection",
        "magnitude": 1.11,
        "depthKm": 17.69,
        "observationUtc": "2026-09-27T21:40:01.080000Z",
        "observation_time": "2026-09-27T21:40:01.080000Z",
        "place": "7 km NE of Banning, CA",
        "title": "M 1.1 - 7 km NE of Banning, CA",
        "status": "reviewed",
        "eventUrl": "https://earthquake.usgs.gov/earthquakes/eventpage/ci41340007",
        "source_url": "https://earthquake.usgs.gov/earthquakes/eventpage/ci41340007",
        "detailUrl": "https://earthquake.usgs.gov/earthquakes/feed/v1.0/detail/ci41340007.geojson",
        "tsunami": false,
        "categories": [
          "Earthquakes"
        ]
      }
    },
    {
      "type": "Feature",
      "id": "ci41339999",
      "geometry": {
        "type": "Point",
        "coordinates": [
          -116.830333333333,
          33.975,
          18.42
        ]
      },
      "properties": {
        "source": "USGS",
        "evidenceType": "measured-detection",
        "magnitude": 1.18,
        "depthKm": 18.42,
        "observationUtc": "2026-09-27T21:39:32.700000Z",
        "observation_time": "2026-09-27T21:39:32.700000Z",
        "place": "7 km NE of Banning, CA",
        "title": "M 1.2 - 7 km NE of Banning, CA",
        "status": "reviewed",
        "eventUrl": "https://earthquake.usgs.gov/earthquakes/eventpage/ci41339999",
        "source_url": "https://earthquake.usgs.gov/earthquakes/eventpage/ci41339999",
        "detailUrl": "https://earthquake.usgs.gov/earthquakes/feed/v1.0/detail/ci41339999.geojson",
        "tsunami": false,
        "categories": [
          "Earthquakes"
        ]
      }
    },
    {
      "type": "Feature",
      "id": "ok2026szdc",
      "geometry": {
        "type": "Point",
        "coordinates": [
          -97.47466667,
          34.52583333,
          5
        ]
      },
      "properties": {
        "source": "USGS",
        "evidenceType": "measured-detection",
        "magnitude": 1.1,
        "depthKm": 5,
        "observationUtc": "2026-09-27T21:36:51.789000Z",
        "observation_time": "2026-09-27T21:36:51.789000Z",
        "place": "4 km NNW of Tatums, Oklahoma",
        "title": "M 1.1 - 4 km NNW of Tatums, Oklahoma",
        "status": "reviewed",
        "eventUrl": "https://earthquake.usgs.gov/earthquakes/eventpage/ok2026szdc",
        "source_url": "https://earthquake.usgs.gov/earthquakes/eventpage/ok2026szdc",
        "detailUrl": "https://earthquake.usgs.gov/earthquakes/feed/v1.0/detail/ok2026szdc.geojson",
        "tsunami": false,
        "categories": [
          "Earthquakes"
        ]
      }
    },
    {
      "type": "Feature",
      "id": "us6000ty2m",
      "geometry": {
        "type": "Point",
        "coordinates": [
          -157.7326,
          53.511,
          10
        ]
      },
      "properties": {
        "source": "USGS",
        "evidenceType": "measured-detection",
        "magnitude": 3.3,
        "depthKm": 10,
        "observationUtc": "2026-09-27T21:36:20.167000Z",
        "observation_time": "2026-09-27T21:36:20.167000Z",
        "place": "271 km SE of Sand Point, Alaska",
        "title": "M 3.3 - 271 km SE of Sand Point, Alaska",
        "status": "reviewed",
        "eventUrl": "https://earthquake.usgs.gov/earthquakes/eventpage/us6000ty2m",
        "source_url": "https://earthquake.usgs.gov/earthquakes/eventpage/us6000ty2m",
        "detailUrl": "https://earthquake.usgs.gov/earthquakes/feed/v1.0/detail/us6000ty2m.geojson",
        "tsunami": false,
        "categories": [
          "Earthquakes"
        ]
      }
    },
    {
      "type": "Feature",
      "id": "aka2026temugc",
      "geometry": {
        "type": "Point",
        "coordinates": [
          -152.677,
          59.748,
          87.6
        ]
      },
      "properties": {
        "source": "USGS",
        "evidenceType": "measured-detection",
        "magnitude": 2.2,
        "depthKm": 87.6,
        "observationUtc": "2026-09-27T21:26:21.905000Z",
        "observation_time": "2026-09-27T21:26:21.905000Z",
        "place": "47 km W of Anchor Point, Alaska",
        "title": "M 2.2 - 47 km W of Anchor Point, Alaska",
        "status": "automatic",
        "eventUrl": "https://earthquake.usgs.gov/earthquakes/eventpage/aka2026temugc",
        "source_url": "https://earthquake.usgs.gov/earthquakes/eventpage/aka2026temugc",
        "detailUrl": "https://earthquake.usgs.gov/earthquakes/feed/v1.0/detail/aka2026temugc.geojson",
        "tsunami": false,
        "categories": [
          "Earthquakes"
        ]
      }
    },
    {
      "type": "Feature",
      "id": "nc75443377",
      "geometry": {
        "type": "Point",
        "coordinates": [
          -122.818664550781,
          38.8300018310547,
          1.82000005245209
        ]
      },
      "properties": {
        "source": "USGS",
        "evidenceType": "measured-detection",
        "magnitude": 1.47,
        "depthKm": 1.82000005245209,
        "observationUtc": "2026-09-27T21:22:12.160000Z",
        "observation_time": "2026-09-27T21:22:12.160000Z",
        "place": "8 km NW of The Geysers, CA",
        "title": "M 1.5 - 8 km NW of The Geysers, CA",
        "status": "automatic",
        "eventUrl": "https://earthquake.usgs.gov/earthquakes/eventpage/nc75443377",
        "source_url": "https://earthquake.usgs.gov/earthquakes/eventpage/nc75443377",
        "detailUrl": "https://earthquake.usgs.gov/earthquakes/feed/v1.0/detail/nc75443377.geojson",
        "tsunami": false,
        "categories": [
          "Earthquakes"
        ]
      }
    },
    {
      "type": "Feature",
      "id": "aka2026temmhr",
      "geometry": {
        "type": "Point",
        "coordinates": [
          -150.41,
          63.139,
          111.7
        ]
      },
      "properties": {
        "source": "USGS",
        "evidenceType": "measured-detection",
        "magnitude": 2.6,
        "depthKm": 111.7,
        "observationUtc": "2026-09-27T21:17:13.242000Z",
        "observation_time": "2026-09-27T21:17:13.242000Z",
        "place": "73 km NNE of Petersville, Alaska",
        "title": "M 2.6 - 73 km NNE of Petersville, Alaska",
        "status": "automatic",
        "eventUrl": "https://earthquake.usgs.gov/earthquakes/eventpage/aka2026temmhr",
        "source_url": "https://earthquake.usgs.gov/earthquakes/eventpage/aka2026temmhr",
        "detailUrl": "https://earthquake.usgs.gov/earthquakes/feed/v1.0/detail/aka2026temmhr.geojson",
        "tsunami": false,
        "categories": [
          "Earthquakes"
        ]
      }
    },
    {
      "type": "Feature",
      "id": "uw714110532",
      "geometry": {
        "type": "Point",
        "coordinates": [
          -122.642833333333,
          46.2441666666667,
          16.85
        ]
      },
      "properties": {
        "source": "USGS",
        "evidenceType": "measured-detection",
        "magnitude": 1.34,
        "depthKm": 16.85,
        "observationUtc": "2026-09-27T21:15:13.320000Z",
        "observation_time": "2026-09-27T21:15:13.320000Z",
        "place": "20 km E of Castle Rock, Washington",
        "title": "M 1.3 - 20 km E of Castle Rock, Washington",
        "status": "reviewed",
        "eventUrl": "https://earthquake.usgs.gov/earthquakes/eventpage/uw714110532",
        "source_url": "https://earthquake.usgs.gov/earthquakes/eventpage/uw714110532",
        "detailUrl": "https://earthquake.usgs.gov/earthquakes/feed/v1.0/detail/uw714110532.geojson",
        "tsunami": false,
        "categories": [
          "Earthquakes"
        ]
      }
    },
    {
      "type": "Feature",
      "id": "us6000ty0k",
      "geometry": {
        "type": "Point",
        "coordinates": [
          123.7756,
          -9.5995,
          35
        ]
      },
      "properties": {
        "source": "USGS",
        "evidenceType": "measured-detection",
        "magnitude": 4.5,
        "depthKm": 35,
        "observationUtc": "2026-09-27T21:14:51.832000Z",
        "observation_time": "2026-09-27T21:14:51.832000Z",
        "place": "0 km ESE of Naisano Dua, Indonesia",
        "title": "M 4.5 - 0 km ESE of Naisano Dua, Indonesia",
        "status": "reviewed",
        "eventUrl": "https://earthquake.usgs.gov/earthquakes/eventpage/us6000ty0k",
        "source_url": "https://earthquake.usgs.gov/earthquakes/eventpage/us6000ty0k",
        "detailUrl": "https://earthquake.usgs.gov/earthquakes/feed/v1.0/detail/us6000ty0k.geojson",
        "tsunami": false,
        "categories": [
          "Earthquakes"
        ]
      }
    },
    {
      "type": "Feature",
      "id": "us6000ty0j",
      "geometry": {
        "type": "Point",
        "coordinates": [
          -25.8945,
          -59.0586,
          103.838
        ]
      },
      "properties": {
        "source": "USGS",
        "evidenceType": "measured-detection",
        "magnitude": 5,
        "depthKm": 103.838,
        "observationUtc": "2026-09-27T21:13:33.366000Z",
        "observation_time": "2026-09-27T21:13:33.366000Z",
        "place": "South Sandwich Islands region",
        "title": "M 5.0 - South Sandwich Islands region",
        "status": "reviewed",
        "eventUrl": "https://earthquake.usgs.gov/earthquakes/eventpage/us6000ty0j",
        "source_url": "https://earthquake.usgs.gov/earthquakes/eventpage/us6000ty0j",
        "detailUrl": "https://earthquake.usgs.gov/earthquakes/feed/v1.0/detail/us6000ty0j.geojson",
        "tsunami": false,
        "categories": [
          "Earthquakes"
        ]
      }
    },
    {
      "type": "Feature",
      "id": "nc75443367",
      "geometry": {
        "type": "Point",
        "coordinates": [
          -121.451499938965,
          37.4174995422363,
          4.90000009536743
        ]
      },
      "properties": {
        "source": "USGS",
        "evidenceType": "measured-detection",
        "magnitude": 1.21,
        "depthKm": 4.90000009536743,
        "observationUtc": "2026-09-27T21:09:16.080000Z",
        "observation_time": "2026-09-27T21:09:16.080000Z",
        "place": "26 km WSW of Westley, CA",
        "title": "M 1.2 - 26 km WSW of Westley, CA",
        "status": "automatic",
        "eventUrl": "https://earthquake.usgs.gov/earthquakes/eventpage/nc75443367",
        "source_url": "https://earthquake.usgs.gov/earthquakes/eventpage/nc75443367",
        "detailUrl": "https://earthquake.usgs.gov/earthquakes/feed/v1.0/detail/nc75443367.geojson",
        "tsunami": false,
        "categories": [
          "Earthquakes"
        ]
      }
    },
    {
      "type": "Feature",
      "id": "nc75443357",
      "geometry": {
        "type": "Point",
        "coordinates": [
          -122.825164794922,
          38.8386650085449,
          1.79999995231628
        ]
      },
      "properties": {
        "source": "USGS",
        "evidenceType": "measured-detection",
        "magnitude": 1.19,
        "depthKm": 1.79999995231628,
        "observationUtc": "2026-09-27T21:03:08.270000Z",
        "observation_time": "2026-09-27T21:03:08.270000Z",
        "place": "9 km WNW of Cobb, CA",
        "title": "M 1.2 - 9 km WNW of Cobb, CA",
        "status": "automatic",
        "eventUrl": "https://earthquake.usgs.gov/earthquakes/eventpage/nc75443357",
        "source_url": "https://earthquake.usgs.gov/earthquakes/eventpage/nc75443357",
        "detailUrl": "https://earthquake.usgs.gov/earthquakes/feed/v1.0/detail/nc75443357.geojson",
        "tsunami": false,
        "categories": [
          "Earthquakes"
        ]
      }
    },
    {
      "type": "Feature",
      "id": "us6000ty0g",
      "geometry": {
        "type": "Point",
        "coordinates": [
          156.784,
          48.3813,
          10
        ]
      },
      "properties": {
        "source": "USGS",
        "evidenceType": "measured-detection",
        "magnitude": 4.4,
        "depthKm": 10,
        "observationUtc": "2026-09-27T20:49:22.298000Z",
        "observation_time": "2026-09-27T20:49:22.298000Z",
        "place": "259 km S of Severo-Kuril’sk, Russia",
        "title": "M 4.4 - 259 km S of Severo-Kuril’sk, Russia",
        "status": "reviewed",
        "eventUrl": "https://earthquake.usgs.gov/earthquakes/eventpage/us6000ty0g",
        "source_url": "https://earthquake.usgs.gov/earthquakes/eventpage/us6000ty0g",
        "detailUrl": "https://earthquake.usgs.gov/earthquakes/feed/v1.0/detail/us6000ty0g.geojson",
        "tsunami": false,
        "categories": [
          "Earthquakes"
        ]
      }
    },
    {
      "type": "Feature",
      "id": "us6000ty0e",
      "geometry": {
        "type": "Point",
        "coordinates": [
          177.0583,
          -37.7103,
          153.508
        ]
      },
      "properties": {
        "source": "USGS",
        "evidenceType": "measured-detection",
        "magnitude": 4.1,
        "depthKm": 153.508,
        "observationUtc": "2026-09-27T20:49:20.425000Z",
        "observation_time": "2026-09-27T20:49:20.425000Z",
        "place": "28 km NNE of Whakatane, New Zealand",
        "title": "M 4.1 - 28 km NNE of Whakatane, New Zealand",
        "status": "reviewed",
        "eventUrl": "https://earthquake.usgs.gov/earthquakes/eventpage/us6000ty0e",
        "source_url": "https://earthquake.usgs.gov/earthquakes/eventpage/us6000ty0e",
        "detailUrl": "https://earthquake.usgs.gov/earthquakes/feed/v1.0/detail/us6000ty0e.geojson",
        "tsunami": false,
        "categories": [
          "Earthquakes"
        ]
      }
    },
    {
      "type": "Feature",
      "id": "hv75044317",
      "geometry": {
        "type": "Point",
        "coordinates": [
          -155.376831054688,
          19.1523342132568,
          27.6700000762939
        ]
      },
      "properties": {
        "source": "USGS",
        "evidenceType": "measured-detection",
        "magnitude": 1.85,
        "depthKm": 27.6700000762939,
        "observationUtc": "2026-09-27T20:39:55.600000Z",
        "observation_time": "2026-09-27T20:39:55.600000Z",
        "place": "12 km ESE of Pāhala, Hawaii",
        "title": "M 1.9 - 12 km ESE of Pāhala, Hawaii",
        "status": "automatic",
        "eventUrl": "https://earthquake.usgs.gov/earthquakes/eventpage/hv75044317",
        "source_url": "https://earthquake.usgs.gov/earthquakes/eventpage/hv75044317",
        "detailUrl": "https://earthquake.usgs.gov/earthquakes/feed/v1.0/detail/hv75044317.geojson",
        "tsunami": false,
        "categories": [
          "Earthquakes"
        ]
      }
    },
    {
      "type": "Feature",
      "id": "nc75443337",
      "geometry": {
        "type": "Point",
        "coordinates": [
          -122.761833190918,
          38.8228340148926,
          1.6599999666214
        ]
      },
      "properties": {
        "source": "USGS",
        "evidenceType": "measured-detection",
        "magnitude": 1.36,
        "depthKm": 1.6599999666214,
        "observationUtc": "2026-09-27T20:05:19.140000Z",
        "observation_time": "2026-09-27T20:05:19.140000Z",
        "place": "3 km W of Cobb, CA",
        "title": "M 1.4 - 3 km W of Cobb, CA",
        "status": "automatic",
        "eventUrl": "https://earthquake.usgs.gov/earthquakes/eventpage/nc75443337",
        "source_url": "https://earthquake.usgs.gov/earthquakes/eventpage/nc75443337",
        "detailUrl": "https://earthquake.usgs.gov/earthquakes/feed/v1.0/detail/nc75443337.geojson",
        "tsunami": false,
        "categories": [
          "Earthquakes"
        ]
      }
    },
    {
      "type": "Feature",
      "id": "nc75443327",
      "geometry": {
        "type": "Point",
        "coordinates": [
          -122.807502746582,
          38.7933349609375,
          2.98000001907349
        ]
      },
      "properties": {
        "source": "USGS",
        "evidenceType": "measured-detection",
        "magnitude": 1.12,
        "depthKm": 2.98000001907349,
        "observationUtc": "2026-09-27T20:01:22.040000Z",
        "observation_time": "2026-09-27T20:01:22.040000Z",
        "place": "5 km WNW of The Geysers, CA",
        "title": "M 1.1 - 5 km WNW of The Geysers, CA",
        "status": "automatic",
        "eventUrl": "https://earthquake.usgs.gov/earthquakes/eventpage/nc75443327",
        "source_url": "https://earthquake.usgs.gov/earthquakes/eventpage/nc75443327",
        "detailUrl": "https://earthquake.usgs.gov/earthquakes/feed/v1.0/detail/nc75443327.geojson",
        "tsunami": false,
        "categories": [
          "Earthquakes"
        ]
      }
    },
    {
      "type": "Feature",
      "id": "ok2026syzp",
      "geometry": {
        "type": "Point",
        "coordinates": [
          -97.47066667,
          34.533,
          2
        ]
      },
      "properties": {
        "source": "USGS",
        "evidenceType": "measured-detection",
        "magnitude": 1.08,
        "depthKm": 2,
        "observationUtc": "2026-09-27T19:50:47.369000Z",
        "observation_time": "2026-09-27T19:50:47.369000Z",
        "place": "5 km N of Tatums, Oklahoma",
        "title": "M 1.1 - 5 km N of Tatums, Oklahoma",
        "status": "reviewed",
        "eventUrl": "https://earthquake.usgs.gov/earthquakes/eventpage/ok2026syzp",
        "source_url": "https://earthquake.usgs.gov/earthquakes/eventpage/ok2026syzp",
        "detailUrl": "https://earthquake.usgs.gov/earthquakes/feed/v1.0/detail/ok2026syzp.geojson",
        "tsunami": false,
        "categories": [
          "Earthquakes"
        ]
      }
    },
    {
      "type": "Feature",
      "id": "nc75443307",
      "geometry": {
        "type": "Point",
        "coordinates": [
          -122.807167053223,
          38.7933349609375,
          3.35999989509583
        ]
      },
      "properties": {
        "source": "USGS",
        "evidenceType": "measured-detection",
        "magnitude": 1.17,
        "depthKm": 3.35999989509583,
        "observationUtc": "2026-09-27T19:47:43.240000Z",
        "observation_time": "2026-09-27T19:47:43.240000Z",
        "place": "5 km WNW of The Geysers, CA",
        "title": "M 1.2 - 5 km WNW of The Geysers, CA",
        "status": "automatic",
        "eventUrl": "https://earthquake.usgs.gov/earthquakes/eventpage/nc75443307",
        "source_url": "https://earthquake.usgs.gov/earthquakes/eventpage/nc75443307",
        "detailUrl": "https://earthquake.usgs.gov/earthquakes/feed/v1.0/detail/nc75443307.geojson",
        "tsunami": false,
        "categories": [
          "Earthquakes"
        ]
      }
    },
    {
      "type": "Feature",
      "id": "nc75443302",
      "geometry": {
        "type": "Point",
        "coordinates": [
          -122.807998657227,
          38.7908325195312,
          3
        ]
      },
      "properties": {
        "source": "USGS",
        "evidenceType": "measured-detection",
        "magnitude": 2.15,
        "depthKm": 3,
        "observationUtc": "2026-09-27T19:45:57.920000Z",
        "observation_time": "2026-09-27T19:45:57.920000Z",
        "place": "5 km WNW of The Geysers, CA",
        "title": "M 2.2 - 5 km WNW of The Geysers, CA",
        "status": "automatic",
        "eventUrl": "https://earthquake.usgs.gov/earthquakes/eventpage/nc75443302",
        "source_url": "https://earthquake.usgs.gov/earthquakes/eventpage/nc75443302",
        "detailUrl": "https://earthquake.usgs.gov/earthquakes/feed/v1.0/detail/nc75443302.geojson",
        "tsunami": false,
        "categories": [
          "Earthquakes"
        ]
      }
    },
    {
      "type": "Feature",
      "id": "nc75443297",
      "geometry": {
        "type": "Point",
        "coordinates": [
          -122.760833740234,
          38.7943344116211,
          1.19000005722046
        ]
      },
      "properties": {
        "source": "USGS",
        "evidenceType": "measured-detection",
        "magnitude": 0.74,
        "depthKm": 1.19000005722046,
        "observationUtc": "2026-09-27T19:43:00.400000Z",
        "observation_time": "2026-09-27T19:43:00.400000Z",
        "place": "2 km NNW of The Geysers, CA",
        "title": "M 0.7 - 2 km NNW of The Geysers, CA",
        "status": "automatic",
        "eventUrl": "https://earthquake.usgs.gov/earthquakes/eventpage/nc75443297",
        "source_url": "https://earthquake.usgs.gov/earthquakes/eventpage/nc75443297",
        "detailUrl": "https://earthquake.usgs.gov/earthquakes/feed/v1.0/detail/nc75443297.geojson",
        "tsunami": false,
        "categories": [
          "Earthquakes"
        ]
      }
    },
    {
      "type": "Feature",
      "id": "nc75443292",
      "geometry": {
        "type": "Point",
        "coordinates": [
          -122.783500671387,
          38.8361663818359,
          1.96000003814697
        ]
      },
      "properties": {
        "source": "USGS",
        "evidenceType": "measured-detection",
        "magnitude": 1.09,
        "depthKm": 1.96000003814697,
        "observationUtc": "2026-09-27T19:41:41.060000Z",
        "observation_time": "2026-09-27T19:41:41.060000Z",
        "place": "5 km WNW of Cobb, CA",
        "title": "M 1.1 - 5 km WNW of Cobb, CA",
        "status": "automatic",
        "eventUrl": "https://earthquake.usgs.gov/earthquakes/eventpage/nc75443292",
        "source_url": "https://earthquake.usgs.gov/earthquakes/eventpage/nc75443292",
        "detailUrl": "https://earthquake.usgs.gov/earthquakes/feed/v1.0/detail/nc75443292.geojson",
        "tsunami": false,
        "categories": [
          "Earthquakes"
        ]
      }
    },
    {
      "type": "Feature",
      "id": "us6000ty06",
      "geometry": {
        "type": "Point",
        "coordinates": [
          -179.8762,
          -31.4171,
          354.409
        ]
      },
      "properties": {
        "source": "USGS",
        "evidenceType": "measured-detection",
        "magnitude": 4.1,
        "depthKm": 354.409,
        "observationUtc": "2026-09-27T19:33:32.354000Z",
        "observation_time": "2026-09-27T19:33:32.354000Z",
        "place": "Kermadec Islands region",
        "title": "M 4.1 - Kermadec Islands region",
        "status": "reviewed",
        "eventUrl": "https://earthquake.usgs.gov/earthquakes/eventpage/us6000ty06",
        "source_url": "https://earthquake.usgs.gov/earthquakes/eventpage/us6000ty06",
        "detailUrl": "https://earthquake.usgs.gov/earthquakes/feed/v1.0/detail/us6000ty06.geojson",
        "tsunami": false,
        "categories": [
          "Earthquakes"
        ]
      }
    },
    {
      "type": "Feature",
      "id": "us6000ty2q",
      "geometry": {
        "type": "Point",
        "coordinates": [
          -17.3759,
          68.9317,
          10
        ]
      },
      "properties": {
        "source": "USGS",
        "evidenceType": "measured-detection",
        "magnitude": 4,
        "depthKm": 10,
        "observationUtc": "2026-09-27T19:22:10.816000Z",
        "observation_time": "2026-09-27T19:22:10.816000Z",
        "place": "Iceland region",
        "title": "M 4.0 - Iceland region",
        "status": "reviewed",
        "eventUrl": "https://earthquake.usgs.gov/earthquakes/eventpage/us6000ty2q",
        "source_url": "https://earthquake.usgs.gov/earthquakes/eventpage/us6000ty2q",
        "detailUrl": "https://earthquake.usgs.gov/earthquakes/feed/v1.0/detail/us6000ty2q.geojson",
        "tsunami": false,
        "categories": [
          "Earthquakes"
        ]
      }
    },
    {
      "type": "Feature",
      "id": "nc75443272",
      "geometry": {
        "type": "Point",
        "coordinates": [
          -123.254333496094,
          39.3148345947266,
          2.72000002861023
        ]
      },
      "properties": {
        "source": "USGS",
        "evidenceType": "measured-detection",
        "magnitude": 1.55,
        "depthKm": 2.72000002861023,
        "observationUtc": "2026-09-27T19:21:51.170000Z",
        "observation_time": "2026-09-27T19:21:51.170000Z",
        "place": "7 km NW of Redwood Valley, CA",
        "title": "M 1.6 - 7 km NW of Redwood Valley, CA",
        "status": "automatic",
        "eventUrl": "https://earthquake.usgs.gov/earthquakes/eventpage/nc75443272",
        "source_url": "https://earthquake.usgs.gov/earthquakes/eventpage/nc75443272",
        "detailUrl": "https://earthquake.usgs.gov/earthquakes/feed/v1.0/detail/nc75443272.geojson",
        "tsunami": false,
        "categories": [
          "Earthquakes"
        ]
      }
    },
    {
      "type": "Feature",
      "id": "nc75443252",
      "geometry": {
        "type": "Point",
        "coordinates": [
          -123.270164489746,
          39.3238334655762,
          -0.379999995231628
        ]
      },
      "properties": {
        "source": "USGS",
        "evidenceType": "measured-detection",
        "magnitude": 2.63,
        "depthKm": -0.379999995231628,
        "observationUtc": "2026-09-27T19:10:36.830000Z",
        "observation_time": "2026-09-27T19:10:36.830000Z",
        "place": "9 km NW of Redwood Valley, CA",
        "title": "M 2.6 - 9 km NW of Redwood Valley, CA",
        "status": "automatic",
        "eventUrl": "https://earthquake.usgs.gov/earthquakes/eventpage/nc75443252",
        "source_url": "https://earthquake.usgs.gov/earthquakes/eventpage/nc75443252",
        "detailUrl": "https://earthquake.usgs.gov/earthquakes/feed/v1.0/detail/nc75443252.geojson",
        "tsunami": false,
        "categories": [
          "Earthquakes"
        ]
      }
    },
    {
      "type": "Feature",
      "id": "us6000ty01",
      "geometry": {
        "type": "Point",
        "coordinates": [
          -72.6225,
          -43.0862,
          10
        ]
      },
      "properties": {
        "source": "USGS",
        "evidenceType": "measured-detection",
        "magnitude": 4.4,
        "depthKm": 10,
        "observationUtc": "2026-09-27T18:55:43.715000Z",
        "observation_time": "2026-09-27T18:55:43.715000Z",
        "place": "20 km SSE of Chaitén, Chile",
        "title": "M 4.4 - 20 km SSE of Chaitén, Chile",
        "status": "reviewed",
        "eventUrl": "https://earthquake.usgs.gov/earthquakes/eventpage/us6000ty01",
        "source_url": "https://earthquake.usgs.gov/earthquakes/eventpage/us6000ty01",
        "detailUrl": "https://earthquake.usgs.gov/earthquakes/feed/v1.0/detail/us6000ty01.geojson",
        "tsunami": false,
        "categories": [
          "Earthquakes"
        ]
      }
    },
    {
      "type": "Feature",
      "id": "ci41339983",
      "geometry": {
        "type": "Point",
        "coordinates": [
          -116.482,
          33.4856666666667,
          12.99
        ]
      },
      "properties": {
        "source": "USGS",
        "evidenceType": "measured-detection",
        "magnitude": 1.51,
        "depthKm": 12.99,
        "observationUtc": "2026-09-27T18:42:54.100000Z",
        "observation_time": "2026-09-27T18:42:54.100000Z",
        "place": "19 km ESE of Anza, CA",
        "title": "M 1.5 - 19 km ESE of Anza, CA",
        "status": "reviewed",
        "eventUrl": "https://earthquake.usgs.gov/earthquakes/eventpage/ci41339983",
        "source_url": "https://earthquake.usgs.gov/earthquakes/eventpage/ci41339983",
        "detailUrl": "https://earthquake.usgs.gov/earthquakes/feed/v1.0/detail/ci41339983.geojson",
        "tsunami": false,
        "categories": [
          "Earthquakes"
        ]
      }
    },
    {
      "type": "Feature",
      "id": "ci41339975",
      "geometry": {
        "type": "Point",
        "coordinates": [
          -117.000833333333,
          34.328,
          9.25
        ]
      },
      "properties": {
        "source": "USGS",
        "evidenceType": "measured-detection",
        "magnitude": 1.1,
        "depthKm": 9.25,
        "observationUtc": "2026-09-27T18:36:31.730000Z",
        "observation_time": "2026-09-27T18:36:31.730000Z",
        "place": "12 km NW of Big Bear Lake, CA",
        "title": "M 1.1 - 12 km NW of Big Bear Lake, CA",
        "status": "reviewed",
        "eventUrl": "https://earthquake.usgs.gov/earthquakes/eventpage/ci41339975",
        "source_url": "https://earthquake.usgs.gov/earthquakes/eventpage/ci41339975",
        "detailUrl": "https://earthquake.usgs.gov/earthquakes/feed/v1.0/detail/ci41339975.geojson",
        "tsunami": false,
        "categories": [
          "Earthquakes"
        ]
      }
    },
    {
      "type": "Feature",
      "id": "us6000txzx",
      "geometry": {
        "type": "Point",
        "coordinates": [
          100.2661,
          29.7444,
          10
        ]
      },
      "properties": {
        "source": "USGS",
        "evidenceType": "measured-detection",
        "magnitude": 4.5,
        "depthKm": 10,
        "observationUtc": "2026-09-27T18:30:09.687000Z",
        "observation_time": "2026-09-27T18:30:09.687000Z",
        "place": "78 km N of Daocheng, China",
        "title": "M 4.5 - 78 km N of Daocheng, China",
        "status": "reviewed",
        "eventUrl": "https://earthquake.usgs.gov/earthquakes/eventpage/us6000txzx",
        "source_url": "https://earthquake.usgs.gov/earthquakes/eventpage/us6000txzx",
        "detailUrl": "https://earthquake.usgs.gov/earthquakes/feed/v1.0/detail/us6000txzx.geojson",
        "tsunami": false,
        "categories": [
          "Earthquakes"
        ]
      }
    },
    {
      "type": "Feature",
      "id": "aka2026tegxen",
      "geometry": {
        "type": "Point",
        "coordinates": [
          -152.299,
          59.919,
          91.3
        ]
      },
      "properties": {
        "source": "USGS",
        "evidenceType": "measured-detection",
        "magnitude": 2.1,
        "depthKm": 91.3,
        "observationUtc": "2026-09-27T18:29:49.545000Z",
        "observation_time": "2026-09-27T18:29:49.545000Z",
        "place": "30 km WNW of Anchor Point, Alaska",
        "title": "M 2.1 - 30 km WNW of Anchor Point, Alaska",
        "status": "automatic",
        "eventUrl": "https://earthquake.usgs.gov/earthquakes/eventpage/aka2026tegxen",
        "source_url": "https://earthquake.usgs.gov/earthquakes/eventpage/aka2026tegxen",
        "detailUrl": "https://earthquake.usgs.gov/earthquakes/feed/v1.0/detail/aka2026tegxen.geojson",
        "tsunami": false,
        "categories": [
          "Earthquakes"
        ]
      }
    },
    {
      "type": "Feature",
      "id": "hv74000254",
      "geometry": {
        "type": "Point",
        "coordinates": [
          -153.956166666667,
          20.4358333333333,
          29.37
        ]
      },
      "properties": {
        "source": "USGS",
        "evidenceType": "measured-detection",
        "magnitude": 3.03,
        "depthKm": 29.37,
        "observationUtc": "2026-09-27T18:27:12.750000Z",
        "observation_time": "2026-09-27T18:27:12.750000Z",
        "place": "136 km ENE of Honomu, Hawaii",
        "title": "M 3.0 - 136 km ENE of Honomu, Hawaii",
        "status": "reviewed",
        "eventUrl": "https://earthquake.usgs.gov/earthquakes/eventpage/hv74000254",
        "source_url": "https://earthquake.usgs.gov/earthquakes/eventpage/hv74000254",
        "detailUrl": "https://earthquake.usgs.gov/earthquakes/feed/v1.0/detail/hv74000254.geojson",
        "tsunami": false,
        "categories": [
          "Earthquakes"
        ]
      }
    },
    {
      "type": "Feature",
      "id": "ok2026sywq",
      "geometry": {
        "type": "Point",
        "coordinates": [
          -97.47783333,
          34.542,
          2
        ]
      },
      "properties": {
        "source": "USGS",
        "evidenceType": "measured-detection",
        "magnitude": 1.07,
        "depthKm": 2,
        "observationUtc": "2026-09-27T18:20:18.359000Z",
        "observation_time": "2026-09-27T18:20:18.359000Z",
        "place": "6 km NNW of Tatums, Oklahoma",
        "title": "M 1.1 - 6 km NNW of Tatums, Oklahoma",
        "status": "reviewed",
        "eventUrl": "https://earthquake.usgs.gov/earthquakes/eventpage/ok2026sywq",
        "source_url": "https://earthquake.usgs.gov/earthquakes/eventpage/ok2026sywq",
        "detailUrl": "https://earthquake.usgs.gov/earthquakes/feed/v1.0/detail/ok2026sywq.geojson",
        "tsunami": false,
        "categories": [
          "Earthquakes"
        ]
      }
    },
    {
      "type": "Feature",
      "id": "nc75443227",
      "geometry": {
        "type": "Point",
        "coordinates": [
          -121.303169250488,
          36.6479988098145,
          8.13000011444092
        ]
      },
      "properties": {
        "source": "USGS",
        "evidenceType": "measured-detection",
        "magnitude": 2.33,
        "depthKm": 8.13000011444092,
        "observationUtc": "2026-09-27T18:15:58.350000Z",
        "observation_time": "2026-09-27T18:15:58.350000Z",
        "place": "16 km S of Tres Pinos, CA",
        "title": "M 2.3 - 16 km S of Tres Pinos, CA",
        "status": "automatic",
        "eventUrl": "https://earthquake.usgs.gov/earthquakes/eventpage/nc75443227",
        "source_url": "https://earthquake.usgs.gov/earthquakes/eventpage/nc75443227",
        "detailUrl": "https://earthquake.usgs.gov/earthquakes/feed/v1.0/detail/nc75443227.geojson",
        "tsunami": false,
        "categories": [
          "Earthquakes"
        ]
      }
    },
    {
      "type": "Feature",
      "id": "nc75443222",
      "geometry": {
        "type": "Point",
        "coordinates": [
          -121.454833984375,
          37.4218330383301,
          4.48999977111816
        ]
      },
      "properties": {
        "source": "USGS",
        "evidenceType": "measured-detection",
        "magnitude": 1.27,
        "depthKm": 4.48999977111816,
        "observationUtc": "2026-09-27T18:03:11.640000Z",
        "observation_time": "2026-09-27T18:03:11.640000Z",
        "place": "26 km WSW of Westley, CA",
        "title": "M 1.3 - 26 km WSW of Westley, CA",
        "status": "automatic",
        "eventUrl": "https://earthquake.usgs.gov/earthquakes/eventpage/nc75443222",
        "source_url": "https://earthquake.usgs.gov/earthquakes/eventpage/nc75443222",
        "detailUrl": "https://earthquake.usgs.gov/earthquakes/feed/v1.0/detail/nc75443222.geojson",
        "tsunami": false,
        "categories": [
          "Earthquakes"
        ]
      }
    },
    {
      "type": "Feature",
      "id": "hv75044287",
      "geometry": {
        "type": "Point",
        "coordinates": [
          -155.48616027832,
          19.3331661224365,
          9.25
        ]
      },
      "properties": {
        "source": "USGS",
        "evidenceType": "measured-detection",
        "magnitude": 2.15,
        "depthKm": 9.25,
        "observationUtc": "2026-09-27T17:58:03.040000Z",
        "observation_time": "2026-09-27T17:58:03.040000Z",
        "place": "14 km N of Pāhala, Hawaii",
        "title": "M 2.2 - 14 km N of Pāhala, Hawaii",
        "status": "automatic",
        "eventUrl": "https://earthquake.usgs.gov/earthquakes/eventpage/hv75044287",
        "source_url": "https://earthquake.usgs.gov/earthquakes/eventpage/hv75044287",
        "detailUrl": "https://earthquake.usgs.gov/earthquakes/feed/v1.0/detail/hv75044287.geojson",
        "tsunami": false,
        "categories": [
          "Earthquakes"
        ]
      }
    },
    {
      "type": "Feature",
      "id": "nn00924968",
      "geometry": {
        "type": "Point",
        "coordinates": [
          -119.5097,
          38.4805,
          3.6971
        ]
      },
      "properties": {
        "source": "USGS",
        "evidenceType": "measured-detection",
        "magnitude": 1.57,
        "depthKm": 3.6971,
        "observationUtc": "2026-09-27T17:52:13Z",
        "observation_time": "2026-09-27T17:52:13Z",
        "place": "4 km SW of Walker, California",
        "title": "M 1.6 - 4 km SW of Walker, California",
        "status": "automatic",
        "eventUrl": "https://earthquake.usgs.gov/earthquakes/eventpage/nn00924968",
        "source_url": "https://earthquake.usgs.gov/earthquakes/eventpage/nn00924968",
        "detailUrl": "https://earthquake.usgs.gov/earthquakes/feed/v1.0/detail/nn00924968.geojson",
        "tsunami": false,
        "categories": [
          "Earthquakes"
        ]
      }
    },
    {
      "type": "Feature",
      "id": "aka2026tefcyi",
      "geometry": {
        "type": "Point",
        "coordinates": [
          -153.426,
          59.44,
          17.4
        ]
      },
      "properties": {
        "source": "USGS",
        "evidenceType": "measured-detection",
        "magnitude": 1.1,
        "depthKm": 17.4,
        "observationUtc": "2026-09-27T17:36:38.707000Z",
        "observation_time": "2026-09-27T17:36:38.707000Z",
        "place": "54 km SE of Pedro Bay, Alaska",
        "title": "M 1.1 - 54 km SE of Pedro Bay, Alaska",
        "status": "automatic",
        "eventUrl": "https://earthquake.usgs.gov/earthquakes/eventpage/aka2026tefcyi",
        "source_url": "https://earthquake.usgs.gov/earthquakes/eventpage/aka2026tefcyi",
        "detailUrl": "https://earthquake.usgs.gov/earthquakes/feed/v1.0/detail/aka2026tefcyi.geojson",
        "tsunami": false,
        "categories": [
          "Earthquakes"
        ]
      }
    },
    {
      "type": "Feature",
      "id": "ok2026syuz",
      "geometry": {
        "type": "Point",
        "coordinates": [
          -97.45733333,
          34.52783333,
          5.59
        ]
      },
      "properties": {
        "source": "USGS",
        "evidenceType": "measured-detection",
        "magnitude": 1.23,
        "depthKm": 5.59,
        "observationUtc": "2026-09-27T17:30:07.450000Z",
        "observation_time": "2026-09-27T17:30:07.450000Z",
        "place": "5 km N of Tatums, Oklahoma",
        "title": "M 1.2 - 5 km N of Tatums, Oklahoma",
        "status": "reviewed",
        "eventUrl": "https://earthquake.usgs.gov/earthquakes/eventpage/ok2026syuz",
        "source_url": "https://earthquake.usgs.gov/earthquakes/eventpage/ok2026syuz",
        "detailUrl": "https://earthquake.usgs.gov/earthquakes/feed/v1.0/detail/ok2026syuz.geojson",
        "tsunami": false,
        "categories": [
          "Earthquakes"
        ]
      }
    },
    {
      "type": "Feature",
      "id": "ok2026syuv",
      "geometry": {
        "type": "Point",
        "coordinates": [
          -97.47483333,
          34.531,
          5
        ]
      },
      "properties": {
        "source": "USGS",
        "evidenceType": "measured-detection",
        "magnitude": 1.32,
        "depthKm": 5,
        "observationUtc": "2026-09-27T17:26:26.940000Z",
        "observation_time": "2026-09-27T17:26:26.940000Z",
        "place": "5 km NNW of Tatums, Oklahoma",
        "title": "M 1.3 - 5 km NNW of Tatums, Oklahoma",
        "status": "reviewed",
        "eventUrl": "https://earthquake.usgs.gov/earthquakes/eventpage/ok2026syuv",
        "source_url": "https://earthquake.usgs.gov/earthquakes/eventpage/ok2026syuv",
        "detailUrl": "https://earthquake.usgs.gov/earthquakes/feed/v1.0/detail/ok2026syuv.geojson",
        "tsunami": false,
        "categories": [
          "Earthquakes"
        ]
      }
    },
    {
      "type": "Feature",
      "id": "ci41339959",
      "geometry": {
        "type": "Point",
        "coordinates": [
          -115.5535,
          32.9671666666667,
          10.29
        ]
      },
      "properties": {
        "source": "USGS",
        "evidenceType": "measured-detection",
        "magnitude": 1.01,
        "depthKm": 10.29,
        "observationUtc": "2026-09-27T17:19:05.750000Z",
        "observation_time": "2026-09-27T17:19:05.750000Z",
        "place": "3 km WSW of Brawley, CA",
        "title": "M 1.0 - 3 km WSW of Brawley, CA",
        "status": "automatic",
        "eventUrl": "https://earthquake.usgs.gov/earthquakes/eventpage/ci41339959",
        "source_url": "https://earthquake.usgs.gov/earthquakes/eventpage/ci41339959",
        "detailUrl": "https://earthquake.usgs.gov/earthquakes/feed/v1.0/detail/ci41339959.geojson",
        "tsunami": false,
        "categories": [
          "Earthquakes"
        ]
      }
    },
    {
      "type": "Feature",
      "id": "aka2026tedvrp",
      "geometry": {
        "type": "Point",
        "coordinates": [
          -152.981,
          59.957,
          127.9
        ]
      },
      "properties": {
        "source": "USGS",
        "evidenceType": "measured-detection",
        "magnitude": 2.6,
        "depthKm": 127.9,
        "observationUtc": "2026-09-27T16:58:08.186000Z",
        "observation_time": "2026-09-27T16:58:08.186000Z",
        "place": "65 km ENE of Pedro Bay, Alaska",
        "title": "M 2.6 - 65 km ENE of Pedro Bay, Alaska",
        "status": "automatic",
        "eventUrl": "https://earthquake.usgs.gov/earthquakes/eventpage/aka2026tedvrp",
        "source_url": "https://earthquake.usgs.gov/earthquakes/eventpage/aka2026tedvrp",
        "detailUrl": "https://earthquake.usgs.gov/earthquakes/feed/v1.0/detail/aka2026tedvrp.geojson",
        "tsunami": false,
        "categories": [
          "Earthquakes"
        ]
      }
    },
    {
      "type": "Feature",
      "id": "nc75443182",
      "geometry": {
        "type": "Point",
        "coordinates": [
          -122.78150177002,
          38.8025016784668,
          3.27999997138977
        ]
      },
      "properties": {
        "source": "USGS",
        "evidenceType": "measured-detection",
        "magnitude": 0.88,
        "depthKm": 3.27999997138977,
        "observationUtc": "2026-09-27T16:55:26.080000Z",
        "observation_time": "2026-09-27T16:55:26.080000Z",
        "place": "4 km NW of The Geysers, CA",
        "title": "M 0.9 - 4 km NW of The Geysers, CA",
        "status": "automatic",
        "eventUrl": "https://earthquake.usgs.gov/earthquakes/eventpage/nc75443182",
        "source_url": "https://earthquake.usgs.gov/earthquakes/eventpage/nc75443182",
        "detailUrl": "https://earthquake.usgs.gov/earthquakes/feed/v1.0/detail/nc75443182.geojson",
        "tsunami": false,
        "categories": [
          "Earthquakes"
        ]
      }
    },
    {
      "type": "Feature",
      "id": "aka2026tedqnf",
      "geometry": {
        "type": "Point",
        "coordinates": [
          -149.84,
          61.814,
          25.1
        ]
      },
      "properties": {
        "source": "USGS",
        "evidenceType": "measured-detection",
        "magnitude": 1.7,
        "depthKm": 25.1,
        "observationUtc": "2026-09-27T16:52:12.381000Z",
        "observation_time": "2026-09-27T16:52:12.381000Z",
        "place": "12 km NE of Willow, Alaska",
        "title": "M 1.7 - 12 km NE of Willow, Alaska",
        "status": "automatic",
        "eventUrl": "https://earthquake.usgs.gov/earthquakes/eventpage/aka2026tedqnf",
        "source_url": "https://earthquake.usgs.gov/earthquakes/eventpage/aka2026tedqnf",
        "detailUrl": "https://earthquake.usgs.gov/earthquakes/feed/v1.0/detail/aka2026tedqnf.geojson",
        "tsunami": false,
        "categories": [
          "Earthquakes"
        ]
      }
    },
    {
      "type": "Feature",
      "id": "ci41339951",
      "geometry": {
        "type": "Point",
        "coordinates": [
          -116.412833333333,
          33.1561666666667,
          10.94
        ]
      },
      "properties": {
        "source": "USGS",
        "evidenceType": "measured-detection",
        "magnitude": 0.57,
        "depthKm": 10.94,
        "observationUtc": "2026-09-27T16:50:14.010000Z",
        "observation_time": "2026-09-27T16:50:14.010000Z",
        "place": "12 km SSW of Borrego Springs, CA",
        "title": "M 0.6 - 12 km SSW of Borrego Springs, CA",
        "status": "reviewed",
        "eventUrl": "https://earthquake.usgs.gov/earthquakes/eventpage/ci41339951",
        "source_url": "https://earthquake.usgs.gov/earthquakes/eventpage/ci41339951",
        "detailUrl": "https://earthquake.usgs.gov/earthquakes/feed/v1.0/detail/ci41339951.geojson",
        "tsunami": false,
        "categories": [
          "Earthquakes"
        ]
      }
    },
    {
      "type": "Feature",
      "id": "aka2026tedncw",
      "geometry": {
        "type": "Point",
        "coordinates": [
          -146.902,
          64.468,
          4.5
        ]
      },
      "properties": {
        "source": "USGS",
        "evidenceType": "measured-detection",
        "magnitude": 1.8,
        "depthKm": 4.5,
        "observationUtc": "2026-09-27T16:48:16.401000Z",
        "observation_time": "2026-09-27T16:48:16.401000Z",
        "place": "6 km S of Salcha, Alaska",
        "title": "M 1.8 - 6 km S of Salcha, Alaska",
        "status": "automatic",
        "eventUrl": "https://earthquake.usgs.gov/earthquakes/eventpage/aka2026tedncw",
        "source_url": "https://earthquake.usgs.gov/earthquakes/eventpage/aka2026tedncw",
        "detailUrl": "https://earthquake.usgs.gov/earthquakes/feed/v1.0/detail/aka2026tedncw.geojson",
        "tsunami": false,
        "categories": [
          "Earthquakes"
        ]
      }
    },
    {
      "type": "Feature",
      "id": "us6000txzj",
      "geometry": {
        "type": "Point",
        "coordinates": [
          99.5536,
          35.3861,
          10
        ]
      },
      "properties": {
        "source": "USGS",
        "evidenceType": "measured-detection",
        "magnitude": 5,
        "depthKm": 10,
        "observationUtc": "2026-09-27T16:43:10.268000Z",
        "observation_time": "2026-09-27T16:43:10.268000Z",
        "place": "191 km NW of Oula Xiuma, China",
        "title": "M 5.0 - 191 km NW of Oula Xiuma, China",
        "status": "reviewed",
        "eventUrl": "https://earthquake.usgs.gov/earthquakes/eventpage/us6000txzj",
        "source_url": "https://earthquake.usgs.gov/earthquakes/eventpage/us6000txzj",
        "detailUrl": "https://earthquake.usgs.gov/earthquakes/feed/v1.0/detail/us6000txzj.geojson",
        "tsunami": false,
        "categories": [
          "Earthquakes"
        ]
      }
    },
    {
      "type": "Feature",
      "id": "nc75443167",
      "geometry": {
        "type": "Point",
        "coordinates": [
          -122.794830322266,
          38.8186683654785,
          3.02999997138977
        ]
      },
      "properties": {
        "source": "USGS",
        "evidenceType": "measured-detection",
        "magnitude": 0.76,
        "depthKm": 3.02999997138977,
        "observationUtc": "2026-09-27T16:19:39.050000Z",
        "observation_time": "2026-09-27T16:19:39.050000Z",
        "place": "6 km NW of The Geysers, CA",
        "title": "M 0.8 - 6 km NW of The Geysers, CA",
        "status": "automatic",
        "eventUrl": "https://earthquake.usgs.gov/earthquakes/eventpage/nc75443167",
        "source_url": "https://earthquake.usgs.gov/earthquakes/eventpage/nc75443167",
        "detailUrl": "https://earthquake.usgs.gov/earthquakes/feed/v1.0/detail/nc75443167.geojson",
        "tsunami": false,
        "categories": [
          "Earthquakes"
        ]
      }
    },
    {
      "type": "Feature",
      "id": "aka2026tecers",
      "geometry": {
        "type": "Point",
        "coordinates": [
          -150.169,
          62.189,
          60.4
        ]
      },
      "properties": {
        "source": "USGS",
        "evidenceType": "measured-detection",
        "magnitude": 1.9,
        "depthKm": 60.4,
        "observationUtc": "2026-09-27T16:08:34.263000Z",
        "observation_time": "2026-09-27T16:08:34.263000Z",
        "place": "14 km SSE of Trapper Creek, Alaska",
        "title": "M 1.9 - 14 km SSE of Trapper Creek, Alaska",
        "status": "automatic",
        "eventUrl": "https://earthquake.usgs.gov/earthquakes/eventpage/aka2026tecers",
        "source_url": "https://earthquake.usgs.gov/earthquakes/eventpage/aka2026tecers",
        "detailUrl": "https://earthquake.usgs.gov/earthquakes/feed/v1.0/detail/aka2026tecers.geojson",
        "tsunami": false,
        "categories": [
          "Earthquakes"
        ]
      }
    },
    {
      "type": "Feature",
      "id": "nc75443157",
      "geometry": {
        "type": "Point",
        "coordinates": [
          -122.806999206543,
          38.7923316955566,
          3.04999995231628
        ]
      },
      "properties": {
        "source": "USGS",
        "evidenceType": "measured-detection",
        "magnitude": 1.3,
        "depthKm": 3.04999995231628,
        "observationUtc": "2026-09-27T16:06:58.500000Z",
        "observation_time": "2026-09-27T16:06:58.500000Z",
        "place": "5 km WNW of The Geysers, CA",
        "title": "M 1.3 - 5 km WNW of The Geysers, CA",
        "status": "automatic",
        "eventUrl": "https://earthquake.usgs.gov/earthquakes/eventpage/nc75443157",
        "source_url": "https://earthquake.usgs.gov/earthquakes/eventpage/nc75443157",
        "detailUrl": "https://earthquake.usgs.gov/earthquakes/feed/v1.0/detail/nc75443157.geojson",
        "tsunami": false,
        "categories": [
          "Earthquakes"
        ]
      }
    },
    {
      "type": "Feature",
      "id": "nc75443152",
      "geometry": {
        "type": "Point",
        "coordinates": [
          -121.452835083008,
          37.4223327636719,
          4.28000020980835
        ]
      },
      "properties": {
        "source": "USGS",
        "evidenceType": "measured-detection",
        "magnitude": 1.68,
        "depthKm": 4.28000020980835,
        "observationUtc": "2026-09-27T16:06:33.300000Z",
        "observation_time": "2026-09-27T16:06:33.300000Z",
        "place": "26 km WSW of Westley, CA",
        "title": "M 1.7 - 26 km WSW of Westley, CA",
        "status": "automatic",
        "eventUrl": "https://earthquake.usgs.gov/earthquakes/eventpage/nc75443152",
        "source_url": "https://earthquake.usgs.gov/earthquakes/eventpage/nc75443152",
        "detailUrl": "https://earthquake.usgs.gov/earthquakes/feed/v1.0/detail/nc75443152.geojson",
        "tsunami": false,
        "categories": [
          "Earthquakes"
        ]
      }
    },
    {
      "type": "Feature",
      "id": "pr71534858",
      "geometry": {
        "type": "Point",
        "coordinates": [
          -66.6498333333333,
          17.859,
          13.78
        ]
      },
      "properties": {
        "source": "USGS",
        "evidenceType": "measured-detection",
        "magnitude": 1.84,
        "depthKm": 13.78,
        "observationUtc": "2026-09-27T16:01:21.240000Z",
        "observation_time": "2026-09-27T16:01:21.240000Z",
        "place": "16 km SSE of Tallaboa, Puerto Rico",
        "title": "M 1.8 - 16 km SSE of Tallaboa, Puerto Rico",
        "status": "reviewed",
        "eventUrl": "https://earthquake.usgs.gov/earthquakes/eventpage/pr71534858",
        "source_url": "https://earthquake.usgs.gov/earthquakes/eventpage/pr71534858",
        "detailUrl": "https://earthquake.usgs.gov/earthquakes/feed/v1.0/detail/pr71534858.geojson",
        "tsunami": false,
        "categories": [
          "Earthquakes"
        ]
      }
    }
  ]
}
