{
  "type": "FeatureCollection",
  "generatedUtc": "2026-10-06T16:05:27.349333Z",
  "sourceUrl": "https://earthquake.usgs.gov/earthquakes/feed/v1.0/summary/all_day.geojson",
  "features": [
    {
      "type": "Feature",
      "id": "hv75050857",
      "geometry": {
        "type": "Point",
        "coordinates": [
          -155.428161621094,
          19.3133335113525,
          28.4300003051758
        ]
      },
      "properties": {
        "source": "USGS",
        "evidenceType": "measured-detection",
        "magnitude": 1.95,
        "depthKm": 28.4300003051758,
        "observationUtc": "2026-10-06T15:53:25.170000Z",
        "observation_time": "2026-10-06T15:53:25.170000Z",
        "place": "13 km NNE of Pāhala, Hawaii",
        "title": "M 2.0 - 13 km NNE of Pāhala, Hawaii",
        "status": "automatic",
        "eventUrl": "https://earthquake.usgs.gov/earthquakes/eventpage/hv75050857",
        "source_url": "https://earthquake.usgs.gov/earthquakes/eventpage/hv75050857",
        "detailUrl": "https://earthquake.usgs.gov/earthquakes/feed/v1.0/detail/hv75050857.geojson",
        "tsunami": false,
        "categories": [
          "Earthquakes"
        ]
      }
    },
    {
      "type": "Feature",
      "id": "hv75050852",
      "geometry": {
        "type": "Point",
        "coordinates": [
          -155.466659545898,
          19.2234992980957,
          8.89999961853027
        ]
      },
      "properties": {
        "source": "USGS",
        "evidenceType": "measured-detection",
        "magnitude": 2.08,
        "depthKm": 8.89999961853027,
        "observationUtc": "2026-10-06T15:52:44.730000Z",
        "observation_time": "2026-10-06T15:52:44.730000Z",
        "place": "2 km NNE of Pāhala, Hawaii",
        "title": "M 2.1 - 2 km NNE of Pāhala, Hawaii",
        "status": "automatic",
        "eventUrl": "https://earthquake.usgs.gov/earthquakes/eventpage/hv75050852",
        "source_url": "https://earthquake.usgs.gov/earthquakes/eventpage/hv75050852",
        "detailUrl": "https://earthquake.usgs.gov/earthquakes/feed/v1.0/detail/hv75050852.geojson",
        "tsunami": false,
        "categories": [
          "Earthquakes"
        ]
      }
    },
    {
      "type": "Feature",
      "id": "aka2026turpnq",
      "geometry": {
        "type": "Point",
        "coordinates": [
          -150.754,
          60.79,
          60.4
        ]
      },
      "properties": {
        "source": "USGS",
        "evidenceType": "measured-detection",
        "magnitude": 1.9,
        "depthKm": 60.4,
        "observationUtc": "2026-10-06T15:45:11.316000Z",
        "observation_time": "2026-10-06T15:45:11.316000Z",
        "place": "15 km SSW of Point Possession, Alaska",
        "title": "M 1.9 - 15 km SSW of Point Possession, Alaska",
        "status": "automatic",
        "eventUrl": "https://earthquake.usgs.gov/earthquakes/eventpage/aka2026turpnq",
        "source_url": "https://earthquake.usgs.gov/earthquakes/eventpage/aka2026turpnq",
        "detailUrl": "https://earthquake.usgs.gov/earthquakes/feed/v1.0/detail/aka2026turpnq.geojson",
        "tsunami": false,
        "categories": [
          "Earthquakes"
        ]
      }
    },
    {
      "type": "Feature",
      "id": "aka2026turjpf",
      "geometry": {
        "type": "Point",
        "coordinates": [
          -153.454,
          59.347,
          28.7
        ]
      },
      "properties": {
        "source": "USGS",
        "evidenceType": "measured-detection",
        "magnitude": 1.5,
        "depthKm": 28.7,
        "observationUtc": "2026-10-06T15:38:28.070000Z",
        "observation_time": "2026-10-06T15:38:28.070000Z",
        "place": "61 km SE of Pedro Bay, Alaska",
        "title": "M 1.5 - 61 km SE of Pedro Bay, Alaska",
        "status": "automatic",
        "eventUrl": "https://earthquake.usgs.gov/earthquakes/eventpage/aka2026turjpf",
        "source_url": "https://earthquake.usgs.gov/earthquakes/eventpage/aka2026turjpf",
        "detailUrl": "https://earthquake.usgs.gov/earthquakes/feed/v1.0/detail/aka2026turjpf.geojson",
        "tsunami": false,
        "categories": [
          "Earthquakes"
        ]
      }
    },
    {
      "type": "Feature",
      "id": "nn00925363",
      "geometry": {
        "type": "Point",
        "coordinates": [
          -115.374,
          39.0624,
          0
        ]
      },
      "properties": {
        "source": "USGS",
        "evidenceType": "measured-detection",
        "magnitude": 3.62,
        "depthKm": 0,
        "observationUtc": "2026-10-06T15:34:29.112000Z",
        "observation_time": "2026-10-06T15:34:29.112000Z",
        "place": "31 km WNW of Preston, Nevada",
        "title": "M 3.6 - 31 km WNW of Preston, Nevada",
        "status": "reviewed",
        "eventUrl": "https://earthquake.usgs.gov/earthquakes/eventpage/nn00925363",
        "source_url": "https://earthquake.usgs.gov/earthquakes/eventpage/nn00925363",
        "detailUrl": "https://earthquake.usgs.gov/earthquakes/feed/v1.0/detail/nn00925363.geojson",
        "tsunami": false,
        "categories": [
          "Earthquakes"
        ]
      }
    },
    {
      "type": "Feature",
      "id": "nc75445446",
      "geometry": {
        "type": "Point",
        "coordinates": [
          -122.827331542969,
          38.8101654052734,
          1.63999998569489
        ]
      },
      "properties": {
        "source": "USGS",
        "evidenceType": "measured-detection",
        "magnitude": 1.05,
        "depthKm": 1.63999998569489,
        "observationUtc": "2026-10-06T15:30:01.220000Z",
        "observation_time": "2026-10-06T15:30:01.220000Z",
        "place": "7 km WNW of The Geysers, CA",
        "title": "M 1.1 - 7 km WNW of The Geysers, CA",
        "status": "automatic",
        "eventUrl": "https://earthquake.usgs.gov/earthquakes/eventpage/nc75445446",
        "source_url": "https://earthquake.usgs.gov/earthquakes/eventpage/nc75445446",
        "detailUrl": "https://earthquake.usgs.gov/earthquakes/feed/v1.0/detail/nc75445446.geojson",
        "tsunami": false,
        "categories": [
          "Earthquakes"
        ]
      }
    },
    {
      "type": "Feature",
      "id": "uu80158666",
      "geometry": {
        "type": "Point",
        "coordinates": [
          -112.905,
          38.4983333333333,
          4.18
        ]
      },
      "properties": {
        "source": "USGS",
        "evidenceType": "measured-detection",
        "magnitude": 0.7,
        "depthKm": 4.18,
        "observationUtc": "2026-10-06T15:00:42.010000Z",
        "observation_time": "2026-10-06T15:00:42.010000Z",
        "place": "14 km NE of Milford, Utah",
        "title": "M 0.7 - 14 km NE of Milford, Utah",
        "status": "reviewed",
        "eventUrl": "https://earthquake.usgs.gov/earthquakes/eventpage/uu80158666",
        "source_url": "https://earthquake.usgs.gov/earthquakes/eventpage/uu80158666",
        "detailUrl": "https://earthquake.usgs.gov/earthquakes/feed/v1.0/detail/uu80158666.geojson",
        "tsunami": false,
        "categories": [
          "Earthquakes"
        ]
      }
    },
    {
      "type": "Feature",
      "id": "uu80158661",
      "geometry": {
        "type": "Point",
        "coordinates": [
          -112.906333333333,
          38.4931666666667,
          3.95
        ]
      },
      "properties": {
        "source": "USGS",
        "evidenceType": "measured-detection",
        "magnitude": 1.45,
        "depthKm": 3.95,
        "observationUtc": "2026-10-06T14:52:20.340000Z",
        "observation_time": "2026-10-06T14:52:20.340000Z",
        "place": "14 km NE of Milford, Utah",
        "title": "M 1.5 - 14 km NE of Milford, Utah",
        "status": "reviewed",
        "eventUrl": "https://earthquake.usgs.gov/earthquakes/eventpage/uu80158661",
        "source_url": "https://earthquake.usgs.gov/earthquakes/eventpage/uu80158661",
        "detailUrl": "https://earthquake.usgs.gov/earthquakes/feed/v1.0/detail/uu80158661.geojson",
        "tsunami": false,
        "categories": [
          "Earthquakes"
        ]
      }
    },
    {
      "type": "Feature",
      "id": "aka2026tupuyx",
      "geometry": {
        "type": "Point",
        "coordinates": [
          -146.956,
          64.471,
          6
        ]
      },
      "properties": {
        "source": "USGS",
        "evidenceType": "measured-detection",
        "magnitude": 2.3,
        "depthKm": 6,
        "observationUtc": "2026-10-06T14:51:28.863000Z",
        "observation_time": "2026-10-06T14:51:28.863000Z",
        "place": "6 km SSW of Salcha, Alaska",
        "title": "M 2.3 - 6 km SSW of Salcha, Alaska",
        "status": "automatic",
        "eventUrl": "https://earthquake.usgs.gov/earthquakes/eventpage/aka2026tupuyx",
        "source_url": "https://earthquake.usgs.gov/earthquakes/eventpage/aka2026tupuyx",
        "detailUrl": "https://earthquake.usgs.gov/earthquakes/feed/v1.0/detail/aka2026tupuyx.geojson",
        "tsunami": false,
        "categories": [
          "Earthquakes"
        ]
      }
    },
    {
      "type": "Feature",
      "id": "ci41344095",
      "geometry": {
        "type": "Point",
        "coordinates": [
          -116.555333333333,
          33.4686666666667,
          11.2
        ]
      },
      "properties": {
        "source": "USGS",
        "evidenceType": "measured-detection",
        "magnitude": 1.37,
        "depthKm": 11.2,
        "observationUtc": "2026-10-06T14:43:35.290000Z",
        "observation_time": "2026-10-06T14:43:35.290000Z",
        "place": "15 km SE of Anza, CA",
        "title": "M 1.4 - 15 km SE of Anza, CA",
        "status": "automatic",
        "eventUrl": "https://earthquake.usgs.gov/earthquakes/eventpage/ci41344095",
        "source_url": "https://earthquake.usgs.gov/earthquakes/eventpage/ci41344095",
        "detailUrl": "https://earthquake.usgs.gov/earthquakes/feed/v1.0/detail/ci41344095.geojson",
        "tsunami": false,
        "categories": [
          "Earthquakes"
        ]
      }
    },
    {
      "type": "Feature",
      "id": "uu80158656",
      "geometry": {
        "type": "Point",
        "coordinates": [
          -111.232833333333,
          44.755,
          11.44
        ]
      },
      "properties": {
        "source": "USGS",
        "evidenceType": "measured-detection",
        "magnitude": 0.47,
        "depthKm": 11.44,
        "observationUtc": "2026-10-06T14:40:10.230000Z",
        "observation_time": "2026-10-06T14:40:10.230000Z",
        "place": "3 km WSW of Hebgen Lake Estates, Montana",
        "title": "M 0.5 - 3 km WSW of Hebgen Lake Estates, Montana",
        "status": "reviewed",
        "eventUrl": "https://earthquake.usgs.gov/earthquakes/eventpage/uu80158656",
        "source_url": "https://earthquake.usgs.gov/earthquakes/eventpage/uu80158656",
        "detailUrl": "https://earthquake.usgs.gov/earthquakes/feed/v1.0/detail/uu80158656.geojson",
        "tsunami": false,
        "categories": [
          "Earthquakes"
        ]
      }
    },
    {
      "type": "Feature",
      "id": "aka2026tupkzu",
      "geometry": {
        "type": "Point",
        "coordinates": [
          -154.073,
          61.229,
          11.7
        ]
      },
      "properties": {
        "source": "USGS",
        "evidenceType": "measured-detection",
        "magnitude": 1.7,
        "depthKm": 11.7,
        "observationUtc": "2026-10-06T14:40:01.763000Z",
        "observation_time": "2026-10-06T14:40:01.763000Z",
        "place": "74 km ESE of Lime Village, Alaska",
        "title": "M 1.7 - 74 km ESE of Lime Village, Alaska",
        "status": "automatic",
        "eventUrl": "https://earthquake.usgs.gov/earthquakes/eventpage/aka2026tupkzu",
        "source_url": "https://earthquake.usgs.gov/earthquakes/eventpage/aka2026tupkzu",
        "detailUrl": "https://earthquake.usgs.gov/earthquakes/feed/v1.0/detail/aka2026tupkzu.geojson",
        "tsunami": false,
        "categories": [
          "Earthquakes"
        ]
      }
    },
    {
      "type": "Feature",
      "id": "ci41344087",
      "geometry": {
        "type": "Point",
        "coordinates": [
          -116.013166666667,
          33.934,
          0.41
        ]
      },
      "properties": {
        "source": "USGS",
        "evidenceType": "measured-detection",
        "magnitude": 1.89,
        "depthKm": 0.41,
        "observationUtc": "2026-10-06T14:22:50.190000Z",
        "observation_time": "2026-10-06T14:22:50.190000Z",
        "place": "23 km SSE of Twentynine Palms, CA",
        "title": "M 1.9 - 23 km SSE of Twentynine Palms, CA",
        "status": "automatic",
        "eventUrl": "https://earthquake.usgs.gov/earthquakes/eventpage/ci41344087",
        "source_url": "https://earthquake.usgs.gov/earthquakes/eventpage/ci41344087",
        "detailUrl": "https://earthquake.usgs.gov/earthquakes/feed/v1.0/detail/ci41344087.geojson",
        "tsunami": false,
        "categories": [
          "Earthquakes"
        ]
      }
    },
    {
      "type": "Feature",
      "id": "uw714116761",
      "geometry": {
        "type": "Point",
        "coordinates": [
          -122.627670288086,
          47.6086654663086,
          23.6900005340576
        ]
      },
      "properties": {
        "source": "USGS",
        "evidenceType": "measured-detection",
        "magnitude": 2.24154317378998,
        "depthKm": 23.6900005340576,
        "observationUtc": "2026-10-06T14:19:40.430000Z",
        "observation_time": "2026-10-06T14:19:40.430000Z",
        "place": "2 km E of Tracyton, Washington",
        "title": "M 2.2 - 2 km E of Tracyton, Washington",
        "status": "automatic",
        "eventUrl": "https://earthquake.usgs.gov/earthquakes/eventpage/uw714116761",
        "source_url": "https://earthquake.usgs.gov/earthquakes/eventpage/uw714116761",
        "detailUrl": "https://earthquake.usgs.gov/earthquakes/feed/v1.0/detail/uw714116761.geojson",
        "tsunami": false,
        "categories": [
          "Earthquakes"
        ]
      }
    },
    {
      "type": "Feature",
      "id": "aka2026tuotiz",
      "geometry": {
        "type": "Point",
        "coordinates": [
          -150.188,
          61.739,
          5
        ]
      },
      "properties": {
        "source": "USGS",
        "evidenceType": "measured-detection",
        "magnitude": 2.2,
        "depthKm": 5,
        "observationUtc": "2026-10-06T14:19:38.953000Z",
        "observation_time": "2026-10-06T14:19:38.953000Z",
        "place": "8 km W of Willow, Alaska",
        "title": "M 2.2 - 8 km W of Willow, Alaska",
        "status": "automatic",
        "eventUrl": "https://earthquake.usgs.gov/earthquakes/eventpage/aka2026tuotiz",
        "source_url": "https://earthquake.usgs.gov/earthquakes/eventpage/aka2026tuotiz",
        "detailUrl": "https://earthquake.usgs.gov/earthquakes/feed/v1.0/detail/aka2026tuotiz.geojson",
        "tsunami": false,
        "categories": [
          "Earthquakes"
        ]
      }
    },
    {
      "type": "Feature",
      "id": "nc75445431",
      "geometry": {
        "type": "Point",
        "coordinates": [
          -120.505668640137,
          35.9514999389648,
          10.1099996566772
        ]
      },
      "properties": {
        "source": "USGS",
        "evidenceType": "measured-detection",
        "magnitude": 0.92,
        "depthKm": 10.1099996566772,
        "observationUtc": "2026-10-06T14:14:02.170000Z",
        "observation_time": "2026-10-06T14:14:02.170000Z",
        "place": "9 km NW of Parkfield, CA",
        "title": "M 0.9 - 9 km NW of Parkfield, CA",
        "status": "automatic",
        "eventUrl": "https://earthquake.usgs.gov/earthquakes/eventpage/nc75445431",
        "source_url": "https://earthquake.usgs.gov/earthquakes/eventpage/nc75445431",
        "detailUrl": "https://earthquake.usgs.gov/earthquakes/feed/v1.0/detail/nc75445431.geojson",
        "tsunami": false,
        "categories": [
          "Earthquakes"
        ]
      }
    },
    {
      "type": "Feature",
      "id": "aka2026tunqhz",
      "geometry": {
        "type": "Point",
        "coordinates": [
          -151.7,
          61.775,
          89.7
        ]
      },
      "properties": {
        "source": "USGS",
        "evidenceType": "measured-detection",
        "magnitude": 1.9,
        "depthKm": 89.7,
        "observationUtc": "2026-10-06T13:46:12.571000Z",
        "observation_time": "2026-10-06T13:46:12.571000Z",
        "place": "28 km SSW of Skwentna, Alaska",
        "title": "M 1.9 - 28 km SSW of Skwentna, Alaska",
        "status": "automatic",
        "eventUrl": "https://earthquake.usgs.gov/earthquakes/eventpage/aka2026tunqhz",
        "source_url": "https://earthquake.usgs.gov/earthquakes/eventpage/aka2026tunqhz",
        "detailUrl": "https://earthquake.usgs.gov/earthquakes/feed/v1.0/detail/aka2026tunqhz.geojson",
        "tsunami": false,
        "categories": [
          "Earthquakes"
        ]
      }
    },
    {
      "type": "Feature",
      "id": "aka2026tunowe",
      "geometry": {
        "type": "Point",
        "coordinates": [
          -152.35,
          60.615,
          89
        ]
      },
      "properties": {
        "source": "USGS",
        "evidenceType": "measured-detection",
        "magnitude": 1.1,
        "depthKm": 89,
        "observationUtc": "2026-10-06T13:44:28.052000Z",
        "observation_time": "2026-10-06T13:44:28.052000Z",
        "place": "56 km W of Salamatof, Alaska",
        "title": "M 1.1 - 56 km W of Salamatof, Alaska",
        "status": "automatic",
        "eventUrl": "https://earthquake.usgs.gov/earthquakes/eventpage/aka2026tunowe",
        "source_url": "https://earthquake.usgs.gov/earthquakes/eventpage/aka2026tunowe",
        "detailUrl": "https://earthquake.usgs.gov/earthquakes/feed/v1.0/detail/aka2026tunowe.geojson",
        "tsunami": false,
        "categories": [
          "Earthquakes"
        ]
      }
    },
    {
      "type": "Feature",
      "id": "aka2026tunhfd",
      "geometry": {
        "type": "Point",
        "coordinates": [
          -149.832,
          63.155,
          95.6
        ]
      },
      "properties": {
        "source": "USGS",
        "evidenceType": "measured-detection",
        "magnitude": 2.1,
        "depthKm": 95.6,
        "observationUtc": "2026-10-06T13:35:38.579000Z",
        "observation_time": "2026-10-06T13:35:38.579000Z",
        "place": "51 km WSW of Cantwell, Alaska",
        "title": "M 2.1 - 51 km WSW of Cantwell, Alaska",
        "status": "automatic",
        "eventUrl": "https://earthquake.usgs.gov/earthquakes/eventpage/aka2026tunhfd",
        "source_url": "https://earthquake.usgs.gov/earthquakes/eventpage/aka2026tunhfd",
        "detailUrl": "https://earthquake.usgs.gov/earthquakes/feed/v1.0/detail/aka2026tunhfd.geojson",
        "tsunami": false,
        "categories": [
          "Earthquakes"
        ]
      }
    },
    {
      "type": "Feature",
      "id": "aka2026tunbea",
      "geometry": {
        "type": "Point",
        "coordinates": [
          -152.801,
          59.71,
          87.5
        ]
      },
      "properties": {
        "source": "USGS",
        "evidenceType": "measured-detection",
        "magnitude": 1.7,
        "depthKm": 87.5,
        "observationUtc": "2026-10-06T13:28:40.753000Z",
        "observation_time": "2026-10-06T13:28:40.753000Z",
        "place": "55 km W of Anchor Point, Alaska",
        "title": "M 1.7 - 55 km W of Anchor Point, Alaska",
        "status": "automatic",
        "eventUrl": "https://earthquake.usgs.gov/earthquakes/eventpage/aka2026tunbea",
        "source_url": "https://earthquake.usgs.gov/earthquakes/eventpage/aka2026tunbea",
        "detailUrl": "https://earthquake.usgs.gov/earthquakes/feed/v1.0/detail/aka2026tunbea.geojson",
        "tsunami": false,
        "categories": [
          "Earthquakes"
        ]
      }
    },
    {
      "type": "Feature",
      "id": "us6000tzwi",
      "geometry": {
        "type": "Point",
        "coordinates": [
          178.7672,
          -30.8569,
          537.886
        ]
      },
      "properties": {
        "source": "USGS",
        "evidenceType": "measured-detection",
        "magnitude": 4.5,
        "depthKm": 537.886,
        "observationUtc": "2026-10-06T13:26:22.092000Z",
        "observation_time": "2026-10-06T13:26:22.092000Z",
        "place": "Kermadec Islands region",
        "title": "M 4.5 - Kermadec Islands region",
        "status": "reviewed",
        "eventUrl": "https://earthquake.usgs.gov/earthquakes/eventpage/us6000tzwi",
        "source_url": "https://earthquake.usgs.gov/earthquakes/eventpage/us6000tzwi",
        "detailUrl": "https://earthquake.usgs.gov/earthquakes/feed/v1.0/detail/us6000tzwi.geojson",
        "tsunami": false,
        "categories": [
          "Earthquakes"
        ]
      }
    },
    {
      "type": "Feature",
      "id": "nc75445426",
      "geometry": {
        "type": "Point",
        "coordinates": [
          -122.784332275391,
          38.8363342285156,
          1.85000002384186
        ]
      },
      "properties": {
        "source": "USGS",
        "evidenceType": "measured-detection",
        "magnitude": 0.27,
        "depthKm": 1.85000002384186,
        "observationUtc": "2026-10-06T13:20:38.850000Z",
        "observation_time": "2026-10-06T13:20:38.850000Z",
        "place": "6 km WNW of Cobb, CA",
        "title": "M 0.3 - 6 km WNW of Cobb, CA",
        "status": "automatic",
        "eventUrl": "https://earthquake.usgs.gov/earthquakes/eventpage/nc75445426",
        "source_url": "https://earthquake.usgs.gov/earthquakes/eventpage/nc75445426",
        "detailUrl": "https://earthquake.usgs.gov/earthquakes/feed/v1.0/detail/nc75445426.geojson",
        "tsunami": false,
        "categories": [
          "Earthquakes"
        ]
      }
    },
    {
      "type": "Feature",
      "id": "aka2026tumocv",
      "geometry": {
        "type": "Point",
        "coordinates": [
          -154.166,
          61.639,
          4.6
        ]
      },
      "properties": {
        "source": "USGS",
        "evidenceType": "measured-detection",
        "magnitude": 1.7,
        "depthKm": 4.6,
        "observationUtc": "2026-10-06T13:13:37.302000Z",
        "observation_time": "2026-10-06T13:13:37.302000Z",
        "place": "74 km ENE of Lime Village, Alaska",
        "title": "M 1.7 - 74 km ENE of Lime Village, Alaska",
        "status": "automatic",
        "eventUrl": "https://earthquake.usgs.gov/earthquakes/eventpage/aka2026tumocv",
        "source_url": "https://earthquake.usgs.gov/earthquakes/eventpage/aka2026tumocv",
        "detailUrl": "https://earthquake.usgs.gov/earthquakes/feed/v1.0/detail/aka2026tumocv.geojson",
        "tsunami": false,
        "categories": [
          "Earthquakes"
        ]
      }
    },
    {
      "type": "Feature",
      "id": "us6000tzwg",
      "geometry": {
        "type": "Point",
        "coordinates": [
          118.8285,
          4.8667,
          10
        ]
      },
      "properties": {
        "source": "USGS",
        "evidenceType": "measured-detection",
        "magnitude": 4.9,
        "depthKm": 10,
        "observationUtc": "2026-10-06T13:11:22.577000Z",
        "observation_time": "2026-10-06T13:11:22.577000Z",
        "place": "48 km NNE of Semporna, Malaysia",
        "title": "M 4.9 - 48 km NNE of Semporna, Malaysia",
        "status": "reviewed",
        "eventUrl": "https://earthquake.usgs.gov/earthquakes/eventpage/us6000tzwg",
        "source_url": "https://earthquake.usgs.gov/earthquakes/eventpage/us6000tzwg",
        "detailUrl": "https://earthquake.usgs.gov/earthquakes/feed/v1.0/detail/us6000tzwg.geojson",
        "tsunami": false,
        "categories": [
          "Earthquakes"
        ]
      }
    },
    {
      "type": "Feature",
      "id": "aka2026tumenp",
      "geometry": {
        "type": "Point",
        "coordinates": [
          -153.96,
          58.093,
          10.9
        ]
      },
      "properties": {
        "source": "USGS",
        "evidenceType": "measured-detection",
        "magnitude": 1.5,
        "depthKm": 10.9,
        "observationUtc": "2026-10-06T13:02:34.616000Z",
        "observation_time": "2026-10-06T13:02:34.616000Z",
        "place": "61 km N of Larsen Bay, Alaska",
        "title": "M 1.5 - 61 km N of Larsen Bay, Alaska",
        "status": "automatic",
        "eventUrl": "https://earthquake.usgs.gov/earthquakes/eventpage/aka2026tumenp",
        "source_url": "https://earthquake.usgs.gov/earthquakes/eventpage/aka2026tumenp",
        "detailUrl": "https://earthquake.usgs.gov/earthquakes/feed/v1.0/detail/aka2026tumenp.geojson",
        "tsunami": false,
        "categories": [
          "Earthquakes"
        ]
      }
    },
    {
      "type": "Feature",
      "id": "aka2026tumayv",
      "geometry": {
        "type": "Point",
        "coordinates": [
          -152.123,
          62.465,
          117.5
        ]
      },
      "properties": {
        "source": "USGS",
        "evidenceType": "measured-detection",
        "magnitude": 2.2,
        "depthKm": 117.5,
        "observationUtc": "2026-10-06T12:58:24.747000Z",
        "observation_time": "2026-10-06T12:58:24.747000Z",
        "place": "64 km NW of Skwentna, Alaska",
        "title": "M 2.2 - 64 km NW of Skwentna, Alaska",
        "status": "automatic",
        "eventUrl": "https://earthquake.usgs.gov/earthquakes/eventpage/aka2026tumayv",
        "source_url": "https://earthquake.usgs.gov/earthquakes/eventpage/aka2026tumayv",
        "detailUrl": "https://earthquake.usgs.gov/earthquakes/feed/v1.0/detail/aka2026tumayv.geojson",
        "tsunami": false,
        "categories": [
          "Earthquakes"
        ]
      }
    },
    {
      "type": "Feature",
      "id": "aka2026tulwhi",
      "geometry": {
        "type": "Point",
        "coordinates": [
          -159.548,
          56.036,
          5
        ]
      },
      "properties": {
        "source": "USGS",
        "evidenceType": "measured-detection",
        "magnitude": 1.3,
        "depthKm": 5,
        "observationUtc": "2026-10-06T12:53:03.791000Z",
        "observation_time": "2026-10-06T12:53:03.791000Z",
        "place": "15 km NNW of Ivanof Bay, Alaska",
        "title": "M 1.3 - 15 km NNW of Ivanof Bay, Alaska",
        "status": "automatic",
        "eventUrl": "https://earthquake.usgs.gov/earthquakes/eventpage/aka2026tulwhi",
        "source_url": "https://earthquake.usgs.gov/earthquakes/eventpage/aka2026tulwhi",
        "detailUrl": "https://earthquake.usgs.gov/earthquakes/feed/v1.0/detail/aka2026tulwhi.geojson",
        "tsunami": false,
        "categories": [
          "Earthquakes"
        ]
      }
    },
    {
      "type": "Feature",
      "id": "hv75050767",
      "geometry": {
        "type": "Point",
        "coordinates": [
          -155.449996948242,
          19.4694995880127,
          -0.860000014305115
        ]
      },
      "properties": {
        "source": "USGS",
        "evidenceType": "measured-detection",
        "magnitude": 1.86,
        "depthKm": -0.860000014305115,
        "observationUtc": "2026-10-06T12:51:54.290000Z",
        "observation_time": "2026-10-06T12:51:54.290000Z",
        "place": "22 km W of Volcano, Hawaii",
        "title": "M 1.9 - 22 km W of Volcano, Hawaii",
        "status": "automatic",
        "eventUrl": "https://earthquake.usgs.gov/earthquakes/eventpage/hv75050767",
        "source_url": "https://earthquake.usgs.gov/earthquakes/eventpage/hv75050767",
        "detailUrl": "https://earthquake.usgs.gov/earthquakes/feed/v1.0/detail/hv75050767.geojson",
        "tsunami": false,
        "categories": [
          "Earthquakes"
        ]
      }
    },
    {
      "type": "Feature",
      "id": "us6000tzwb",
      "geometry": {
        "type": "Point",
        "coordinates": [
          118.9128,
          -9.7538,
          52.889
        ]
      },
      "properties": {
        "source": "USGS",
        "evidenceType": "measured-detection",
        "magnitude": 4.4,
        "depthKm": 52.889,
        "observationUtc": "2026-10-06T12:40:23.290000Z",
        "observation_time": "2026-10-06T12:40:23.290000Z",
        "place": "50 km SW of Tambolaka, Indonesia",
        "title": "M 4.4 - 50 km SW of Tambolaka, Indonesia",
        "status": "reviewed",
        "eventUrl": "https://earthquake.usgs.gov/earthquakes/eventpage/us6000tzwb",
        "source_url": "https://earthquake.usgs.gov/earthquakes/eventpage/us6000tzwb",
        "detailUrl": "https://earthquake.usgs.gov/earthquakes/feed/v1.0/detail/us6000tzwb.geojson",
        "tsunami": false,
        "categories": [
          "Earthquakes"
        ]
      }
    },
    {
      "type": "Feature",
      "id": "aka2026tuktsn",
      "geometry": {
        "type": "Point",
        "coordinates": [
          -154.226,
          57.876,
          57.8
        ]
      },
      "properties": {
        "source": "USGS",
        "evidenceType": "measured-detection",
        "magnitude": 1.7,
        "depthKm": 57.8,
        "observationUtc": "2026-10-06T12:20:07.339000Z",
        "observation_time": "2026-10-06T12:20:07.339000Z",
        "place": "36 km NNE of Karluk, Alaska",
        "title": "M 1.7 - 36 km NNE of Karluk, Alaska",
        "status": "automatic",
        "eventUrl": "https://earthquake.usgs.gov/earthquakes/eventpage/aka2026tuktsn",
        "source_url": "https://earthquake.usgs.gov/earthquakes/eventpage/aka2026tuktsn",
        "detailUrl": "https://earthquake.usgs.gov/earthquakes/feed/v1.0/detail/aka2026tuktsn.geojson",
        "tsunami": false,
        "categories": [
          "Earthquakes"
        ]
      }
    },
    {
      "type": "Feature",
      "id": "nc75445416",
      "geometry": {
        "type": "Point",
        "coordinates": [
          -122.77433013916,
          38.8083343505859,
          2.01999998092651
        ]
      },
      "properties": {
        "source": "USGS",
        "evidenceType": "measured-detection",
        "magnitude": 0.75,
        "depthKm": 2.01999998092651,
        "observationUtc": "2026-10-06T12:15:11.350000Z",
        "observation_time": "2026-10-06T12:15:11.350000Z",
        "place": "4 km NNW of The Geysers, CA",
        "title": "M 0.8 - 4 km NNW of The Geysers, CA",
        "status": "automatic",
        "eventUrl": "https://earthquake.usgs.gov/earthquakes/eventpage/nc75445416",
        "source_url": "https://earthquake.usgs.gov/earthquakes/eventpage/nc75445416",
        "detailUrl": "https://earthquake.usgs.gov/earthquakes/feed/v1.0/detail/nc75445416.geojson",
        "tsunami": false,
        "categories": [
          "Earthquakes"
        ]
      }
    },
    {
      "type": "Feature",
      "id": "ci41344047",
      "geometry": {
        "type": "Point",
        "coordinates": [
          -115.470833333333,
          32.7148333333333,
          9.06
        ]
      },
      "properties": {
        "source": "USGS",
        "evidenceType": "measured-detection",
        "magnitude": 1.41,
        "depthKm": 9.06,
        "observationUtc": "2026-10-06T12:09:14.340000Z",
        "observation_time": "2026-10-06T12:09:14.340000Z",
        "place": "5 km NNE of Calexico, CA",
        "title": "M 1.4 - 5 km NNE of Calexico, CA",
        "status": "automatic",
        "eventUrl": "https://earthquake.usgs.gov/earthquakes/eventpage/ci41344047",
        "source_url": "https://earthquake.usgs.gov/earthquakes/eventpage/ci41344047",
        "detailUrl": "https://earthquake.usgs.gov/earthquakes/feed/v1.0/detail/ci41344047.geojson",
        "tsunami": false,
        "categories": [
          "Earthquakes"
        ]
      }
    },
    {
      "type": "Feature",
      "id": "ci41344039",
      "geometry": {
        "type": "Point",
        "coordinates": [
          -116.2775,
          33.2526666666667,
          11.68
        ]
      },
      "properties": {
        "source": "USGS",
        "evidenceType": "measured-detection",
        "magnitude": 1.54,
        "depthKm": 11.68,
        "observationUtc": "2026-10-06T12:04:27.560000Z",
        "observation_time": "2026-10-06T12:04:27.560000Z",
        "place": "9 km E of Borrego Springs, CA",
        "title": "M 1.5 - 9 km E of Borrego Springs, CA",
        "status": "reviewed",
        "eventUrl": "https://earthquake.usgs.gov/earthquakes/eventpage/ci41344039",
        "source_url": "https://earthquake.usgs.gov/earthquakes/eventpage/ci41344039",
        "detailUrl": "https://earthquake.usgs.gov/earthquakes/feed/v1.0/detail/ci41344039.geojson",
        "tsunami": false,
        "categories": [
          "Earthquakes"
        ]
      }
    },
    {
      "type": "Feature",
      "id": "aka2026tujxgg",
      "geometry": {
        "type": "Point",
        "coordinates": [
          -152.013,
          62.794,
          0.5
        ]
      },
      "properties": {
        "source": "USGS",
        "evidenceType": "measured-detection",
        "magnitude": 2.4,
        "depthKm": 0.5,
        "observationUtc": "2026-10-06T11:54:11.154000Z",
        "observation_time": "2026-10-06T11:54:11.154000Z",
        "place": "72 km WNW of Petersville, Alaska",
        "title": "M 2.4 - 72 km WNW of Petersville, Alaska",
        "status": "automatic",
        "eventUrl": "https://earthquake.usgs.gov/earthquakes/eventpage/aka2026tujxgg",
        "source_url": "https://earthquake.usgs.gov/earthquakes/eventpage/aka2026tujxgg",
        "detailUrl": "https://earthquake.usgs.gov/earthquakes/feed/v1.0/detail/aka2026tujxgg.geojson",
        "tsunami": false,
        "categories": [
          "Earthquakes"
        ]
      }
    },
    {
      "type": "Feature",
      "id": "aka2026tuiyuq",
      "geometry": {
        "type": "Point",
        "coordinates": [
          -146.413,
          61.639,
          36.1
        ]
      },
      "properties": {
        "source": "USGS",
        "evidenceType": "measured-detection",
        "magnitude": 1.4,
        "depthKm": 36.1,
        "observationUtc": "2026-10-06T11:26:00.570000Z",
        "observation_time": "2026-10-06T11:26:00.570000Z",
        "place": "43 km SSE of Nelchina, Alaska",
        "title": "M 1.4 - 43 km SSE of Nelchina, Alaska",
        "status": "automatic",
        "eventUrl": "https://earthquake.usgs.gov/earthquakes/eventpage/aka2026tuiyuq",
        "source_url": "https://earthquake.usgs.gov/earthquakes/eventpage/aka2026tuiyuq",
        "detailUrl": "https://earthquake.usgs.gov/earthquakes/feed/v1.0/detail/aka2026tuiyuq.geojson",
        "tsunami": false,
        "categories": [
          "Earthquakes"
        ]
      }
    },
    {
      "type": "Feature",
      "id": "nc75445406",
      "geometry": {
        "type": "Point",
        "coordinates": [
          -122.813331604004,
          38.8181648254395,
          2.82999992370605
        ]
      },
      "properties": {
        "source": "USGS",
        "evidenceType": "measured-detection",
        "magnitude": 1.27,
        "depthKm": 2.82999992370605,
        "observationUtc": "2026-10-06T11:23:31.460000Z",
        "observation_time": "2026-10-06T11:23:31.460000Z",
        "place": "7 km NW of The Geysers, CA",
        "title": "M 1.3 - 7 km NW of The Geysers, CA",
        "status": "automatic",
        "eventUrl": "https://earthquake.usgs.gov/earthquakes/eventpage/nc75445406",
        "source_url": "https://earthquake.usgs.gov/earthquakes/eventpage/nc75445406",
        "detailUrl": "https://earthquake.usgs.gov/earthquakes/feed/v1.0/detail/nc75445406.geojson",
        "tsunami": false,
        "categories": [
          "Earthquakes"
        ]
      }
    },
    {
      "type": "Feature",
      "id": "aka2026tuimro",
      "geometry": {
        "type": "Point",
        "coordinates": [
          -152.478,
          60.471,
          96.9
        ]
      },
      "properties": {
        "source": "USGS",
        "evidenceType": "measured-detection",
        "magnitude": 0.9,
        "depthKm": 96.9,
        "observationUtc": "2026-10-06T11:12:01.058000Z",
        "observation_time": "2026-10-06T11:12:01.058000Z",
        "place": "64 km NW of Ninilchik, Alaska",
        "title": "M 0.9 - 64 km NW of Ninilchik, Alaska",
        "status": "automatic",
        "eventUrl": "https://earthquake.usgs.gov/earthquakes/eventpage/aka2026tuimro",
        "source_url": "https://earthquake.usgs.gov/earthquakes/eventpage/aka2026tuimro",
        "detailUrl": "https://earthquake.usgs.gov/earthquakes/feed/v1.0/detail/aka2026tuimro.geojson",
        "tsunami": false,
        "categories": [
          "Earthquakes"
        ]
      }
    },
    {
      "type": "Feature",
      "id": "aka2026tuhzfq",
      "geometry": {
        "type": "Point",
        "coordinates": [
          -149.675,
          62.738,
          72
        ]
      },
      "properties": {
        "source": "USGS",
        "evidenceType": "measured-detection",
        "magnitude": 2.2,
        "depthKm": 72,
        "observationUtc": "2026-10-06T10:56:30.888000Z",
        "observation_time": "2026-10-06T10:56:30.888000Z",
        "place": "38 km NE of Chase, Alaska",
        "title": "M 2.2 - 38 km NE of Chase, Alaska",
        "status": "automatic",
        "eventUrl": "https://earthquake.usgs.gov/earthquakes/eventpage/aka2026tuhzfq",
        "source_url": "https://earthquake.usgs.gov/earthquakes/eventpage/aka2026tuhzfq",
        "detailUrl": "https://earthquake.usgs.gov/earthquakes/feed/v1.0/detail/aka2026tuhzfq.geojson",
        "tsunami": false,
        "categories": [
          "Earthquakes"
        ]
      }
    },
    {
      "type": "Feature",
      "id": "ci41344031",
      "geometry": {
        "type": "Point",
        "coordinates": [
          -118.4095,
          35.6838333333333,
          4.01
        ]
      },
      "properties": {
        "source": "USGS",
        "evidenceType": "measured-detection",
        "magnitude": 1.03,
        "depthKm": 4.01,
        "observationUtc": "2026-10-06T10:20:01.130000Z",
        "observation_time": "2026-10-06T10:20:01.130000Z",
        "place": "5 km ESE of Wofford Heights, CA",
        "title": "M 1.0 - 5 km ESE of Wofford Heights, CA",
        "status": "reviewed",
        "eventUrl": "https://earthquake.usgs.gov/earthquakes/eventpage/ci41344031",
        "source_url": "https://earthquake.usgs.gov/earthquakes/eventpage/ci41344031",
        "detailUrl": "https://earthquake.usgs.gov/earthquakes/feed/v1.0/detail/ci41344031.geojson",
        "tsunami": false,
        "categories": [
          "Earthquakes"
        ]
      }
    },
    {
      "type": "Feature",
      "id": "ci41344015",
      "geometry": {
        "type": "Point",
        "coordinates": [
          -117.771333333333,
          36.0245,
          1.52
        ]
      },
      "properties": {
        "source": "USGS",
        "evidenceType": "measured-detection",
        "magnitude": 1.34,
        "depthKm": 1.52,
        "observationUtc": "2026-10-06T10:12:34.910000Z",
        "observation_time": "2026-10-06T10:12:34.910000Z",
        "place": "16 km NE of Little Lake, CA",
        "title": "M 1.3 - 16 km NE of Little Lake, CA",
        "status": "reviewed",
        "eventUrl": "https://earthquake.usgs.gov/earthquakes/eventpage/ci41344015",
        "source_url": "https://earthquake.usgs.gov/earthquakes/eventpage/ci41344015",
        "detailUrl": "https://earthquake.usgs.gov/earthquakes/feed/v1.0/detail/ci41344015.geojson",
        "tsunami": false,
        "categories": [
          "Earthquakes"
        ]
      }
    },
    {
      "type": "Feature",
      "id": "se60506423",
      "geometry": {
        "type": "Point",
        "coordinates": [
          -85.4116666666667,
          35.303,
          20.57
        ]
      },
      "properties": {
        "source": "USGS",
        "evidenceType": "measured-detection",
        "magnitude": 2.14,
        "depthKm": 20.57,
        "observationUtc": "2026-10-06T10:05:40.470000Z",
        "observation_time": "2026-10-06T10:05:40.470000Z",
        "place": "7 km SSW of Dunlap, Tennessee",
        "title": "M 2.1 - 7 km SSW of Dunlap, Tennessee",
        "status": "reviewed",
        "eventUrl": "https://earthquake.usgs.gov/earthquakes/eventpage/se60506423",
        "source_url": "https://earthquake.usgs.gov/earthquakes/eventpage/se60506423",
        "detailUrl": "https://earthquake.usgs.gov/earthquakes/feed/v1.0/detail/se60506423.geojson",
        "tsunami": false,
        "categories": [
          "Earthquakes"
        ]
      }
    },
    {
      "type": "Feature",
      "id": "aka2026tufuvl",
      "geometry": {
        "type": "Point",
        "coordinates": [
          -155.373,
          58.172,
          5
        ]
      },
      "properties": {
        "source": "USGS",
        "evidenceType": "measured-detection",
        "magnitude": 0.6,
        "depthKm": 5,
        "observationUtc": "2026-10-06T09:51:27.889000Z",
        "observation_time": "2026-10-06T09:51:27.889000Z",
        "place": "86 km NW of Karluk, Alaska",
        "title": "M 0.6 - 86 km NW of Karluk, Alaska",
        "status": "automatic",
        "eventUrl": "https://earthquake.usgs.gov/earthquakes/eventpage/aka2026tufuvl",
        "source_url": "https://earthquake.usgs.gov/earthquakes/eventpage/aka2026tufuvl",
        "detailUrl": "https://earthquake.usgs.gov/earthquakes/feed/v1.0/detail/aka2026tufuvl.geojson",
        "tsunami": false,
        "categories": [
          "Earthquakes"
        ]
      }
    },
    {
      "type": "Feature",
      "id": "aka2026tufprt",
      "geometry": {
        "type": "Point",
        "coordinates": [
          -152.229,
          60.52,
          110.2
        ]
      },
      "properties": {
        "source": "USGS",
        "evidenceType": "measured-detection",
        "magnitude": 2.1,
        "depthKm": 110.2,
        "observationUtc": "2026-10-06T09:45:31.781000Z",
        "observation_time": "2026-10-06T09:45:31.781000Z",
        "place": "51 km WSW of Salamatof, Alaska",
        "title": "M 2.1 - 51 km WSW of Salamatof, Alaska",
        "status": "automatic",
        "eventUrl": "https://earthquake.usgs.gov/earthquakes/eventpage/aka2026tufprt",
        "source_url": "https://earthquake.usgs.gov/earthquakes/eventpage/aka2026tufprt",
        "detailUrl": "https://earthquake.usgs.gov/earthquakes/feed/v1.0/detail/aka2026tufprt.geojson",
        "tsunami": false,
        "categories": [
          "Earthquakes"
        ]
      }
    },
    {
      "type": "Feature",
      "id": "aka2026tufmjn",
      "geometry": {
        "type": "Point",
        "coordinates": [
          -152.627,
          60.21,
          99.6
        ]
      },
      "properties": {
        "source": "USGS",
        "evidenceType": "measured-detection",
        "magnitude": 0.6,
        "depthKm": 99.6,
        "observationUtc": "2026-10-06T09:41:42.508000Z",
        "observation_time": "2026-10-06T09:41:42.508000Z",
        "place": "56 km WNW of Ninilchik, Alaska",
        "title": "M 0.6 - 56 km WNW of Ninilchik, Alaska",
        "status": "automatic",
        "eventUrl": "https://earthquake.usgs.gov/earthquakes/eventpage/aka2026tufmjn",
        "source_url": "https://earthquake.usgs.gov/earthquakes/eventpage/aka2026tufmjn",
        "detailUrl": "https://earthquake.usgs.gov/earthquakes/feed/v1.0/detail/aka2026tufmjn.geojson",
        "tsunami": false,
        "categories": [
          "Earthquakes"
        ]
      }
    },
    {
      "type": "Feature",
      "id": "ci41344007",
      "geometry": {
        "type": "Point",
        "coordinates": [
          -118.411333333333,
          35.6843333333333,
          4.3
        ]
      },
      "properties": {
        "source": "USGS",
        "evidenceType": "measured-detection",
        "magnitude": 3.1,
        "depthKm": 4.3,
        "observationUtc": "2026-10-06T09:37:56.940000Z",
        "observation_time": "2026-10-06T09:37:56.940000Z",
        "place": "5 km ESE of Wofford Heights, CA",
        "title": "M 3.1 - 5 km ESE of Wofford Heights, CA",
        "status": "reviewed",
        "eventUrl": "https://earthquake.usgs.gov/earthquakes/eventpage/ci41344007",
        "source_url": "https://earthquake.usgs.gov/earthquakes/eventpage/ci41344007",
        "detailUrl": "https://earthquake.usgs.gov/earthquakes/feed/v1.0/detail/ci41344007.geojson",
        "tsunami": false,
        "categories": [
          "Earthquakes"
        ]
      }
    },
    {
      "type": "Feature",
      "id": "ci41343999",
      "geometry": {
        "type": "Point",
        "coordinates": [
          -118.40650177002,
          35.6908340454102,
          3.65000009536743
        ]
      },
      "properties": {
        "source": "USGS",
        "evidenceType": "measured-detection",
        "magnitude": 1.00054455938633,
        "depthKm": 3.65000009536743,
        "observationUtc": "2026-10-06T09:37:44.740000Z",
        "observation_time": "2026-10-06T09:37:44.740000Z",
        "place": "5 km ESE of Wofford Heights, CA",
        "title": "M 1.0 - 5 km ESE of Wofford Heights, CA",
        "status": "automatic",
        "eventUrl": "https://earthquake.usgs.gov/earthquakes/eventpage/ci41343999",
        "source_url": "https://earthquake.usgs.gov/earthquakes/eventpage/ci41343999",
        "detailUrl": "https://earthquake.usgs.gov/earthquakes/feed/v1.0/detail/ci41343999.geojson",
        "tsunami": false,
        "categories": [
          "Earthquakes"
        ]
      }
    },
    {
      "type": "Feature",
      "id": "nc75445391",
      "geometry": {
        "type": "Point",
        "coordinates": [
          -122.824668884277,
          38.860668182373,
          0.610000014305115
        ]
      },
      "properties": {
        "source": "USGS",
        "evidenceType": "measured-detection",
        "magnitude": 0.99,
        "depthKm": 0.610000014305115,
        "observationUtc": "2026-10-06T09:35:41.830000Z",
        "observation_time": "2026-10-06T09:35:41.830000Z",
        "place": "10 km WNW of Cobb, CA",
        "title": "M 1.0 - 10 km WNW of Cobb, CA",
        "status": "automatic",
        "eventUrl": "https://earthquake.usgs.gov/earthquakes/eventpage/nc75445391",
        "source_url": "https://earthquake.usgs.gov/earthquakes/eventpage/nc75445391",
        "detailUrl": "https://earthquake.usgs.gov/earthquakes/feed/v1.0/detail/nc75445391.geojson",
        "tsunami": false,
        "categories": [
          "Earthquakes"
        ]
      }
    },
    {
      "type": "Feature",
      "id": "aka2026tuevzw",
      "geometry": {
        "type": "Point",
        "coordinates": [
          -150.087,
          61.714,
          6.3
        ]
      },
      "properties": {
        "source": "USGS",
        "evidenceType": "measured-detection",
        "magnitude": 1.5,
        "depthKm": 6.3,
        "observationUtc": "2026-10-06T09:22:50.017000Z",
        "observation_time": "2026-10-06T09:22:50.017000Z",
        "place": "4 km SW of Willow, Alaska",
        "title": "M 1.5 - 4 km SW of Willow, Alaska",
        "status": "automatic",
        "eventUrl": "https://earthquake.usgs.gov/earthquakes/eventpage/aka2026tuevzw",
        "source_url": "https://earthquake.usgs.gov/earthquakes/eventpage/aka2026tuevzw",
        "detailUrl": "https://earthquake.usgs.gov/earthquakes/feed/v1.0/detail/aka2026tuevzw.geojson",
        "tsunami": false,
        "categories": [
          "Earthquakes"
        ]
      }
    },
    {
      "type": "Feature",
      "id": "nc75445386",
      "geometry": {
        "type": "Point",
        "coordinates": [
          -122.810501098633,
          38.803165435791,
          0.779999971389771
        ]
      },
      "properties": {
        "source": "USGS",
        "evidenceType": "measured-detection",
        "magnitude": 1.06,
        "depthKm": 0.779999971389771,
        "observationUtc": "2026-10-06T09:21:51.810000Z",
        "observation_time": "2026-10-06T09:21:51.810000Z",
        "place": "6 km WNW of The Geysers, CA",
        "title": "M 1.1 - 6 km WNW of The Geysers, CA",
        "status": "automatic",
        "eventUrl": "https://earthquake.usgs.gov/earthquakes/eventpage/nc75445386",
        "source_url": "https://earthquake.usgs.gov/earthquakes/eventpage/nc75445386",
        "detailUrl": "https://earthquake.usgs.gov/earthquakes/feed/v1.0/detail/nc75445386.geojson",
        "tsunami": false,
        "categories": [
          "Earthquakes"
        ]
      }
    },
    {
      "type": "Feature",
      "id": "ci41343991",
      "geometry": {
        "type": "Point",
        "coordinates": [
          -115.8485,
          32.7781666666667,
          4.7
        ]
      },
      "properties": {
        "source": "USGS",
        "evidenceType": "measured-detection",
        "magnitude": 1.89,
        "depthKm": 4.7,
        "observationUtc": "2026-10-06T09:20:06.970000Z",
        "observation_time": "2026-10-06T09:20:06.970000Z",
        "place": "14 km ENE of Ocotillo, CA",
        "title": "M 1.9 - 14 km ENE of Ocotillo, CA",
        "status": "automatic",
        "eventUrl": "https://earthquake.usgs.gov/earthquakes/eventpage/ci41343991",
        "source_url": "https://earthquake.usgs.gov/earthquakes/eventpage/ci41343991",
        "detailUrl": "https://earthquake.usgs.gov/earthquakes/feed/v1.0/detail/ci41343991.geojson",
        "tsunami": false,
        "categories": [
          "Earthquakes"
        ]
      }
    },
    {
      "type": "Feature",
      "id": "nc75445381",
      "geometry": {
        "type": "Point",
        "coordinates": [
          -122.811164855957,
          38.8033332824707,
          0.740000009536743
        ]
      },
      "properties": {
        "source": "USGS",
        "evidenceType": "measured-detection",
        "magnitude": 0.77,
        "depthKm": 0.740000009536743,
        "observationUtc": "2026-10-06T09:13:19.420000Z",
        "observation_time": "2026-10-06T09:13:19.420000Z",
        "place": "6 km WNW of The Geysers, CA",
        "title": "M 0.8 - 6 km WNW of The Geysers, CA",
        "status": "automatic",
        "eventUrl": "https://earthquake.usgs.gov/earthquakes/eventpage/nc75445381",
        "source_url": "https://earthquake.usgs.gov/earthquakes/eventpage/nc75445381",
        "detailUrl": "https://earthquake.usgs.gov/earthquakes/feed/v1.0/detail/nc75445381.geojson",
        "tsunami": false,
        "categories": [
          "Earthquakes"
        ]
      }
    },
    {
      "type": "Feature",
      "id": "aka2026tuelet",
      "geometry": {
        "type": "Point",
        "coordinates": [
          -151.242,
          64.993,
          5
        ]
      },
      "properties": {
        "source": "USGS",
        "evidenceType": "measured-detection",
        "magnitude": 1.4,
        "depthKm": 5,
        "observationUtc": "2026-10-06T09:10:21.532000Z",
        "observation_time": "2026-10-06T09:10:21.532000Z",
        "place": "28 km W of Manley Hot Springs, Alaska",
        "title": "M 1.4 - 28 km W of Manley Hot Springs, Alaska",
        "status": "automatic",
        "eventUrl": "https://earthquake.usgs.gov/earthquakes/eventpage/aka2026tuelet",
        "source_url": "https://earthquake.usgs.gov/earthquakes/eventpage/aka2026tuelet",
        "detailUrl": "https://earthquake.usgs.gov/earthquakes/feed/v1.0/detail/aka2026tuelet.geojson",
        "tsunami": false,
        "categories": [
          "Earthquakes"
        ]
      }
    },
    {
      "type": "Feature",
      "id": "aka2026tueakr",
      "geometry": {
        "type": "Point",
        "coordinates": [
          -151.436,
          62.124,
          83.4
        ]
      },
      "properties": {
        "source": "USGS",
        "evidenceType": "measured-detection",
        "magnitude": 1.6,
        "depthKm": 83.4,
        "observationUtc": "2026-10-06T08:57:54.813000Z",
        "observation_time": "2026-10-06T08:57:54.813000Z",
        "place": "15 km N of Skwentna, Alaska",
        "title": "M 1.6 - 15 km N of Skwentna, Alaska",
        "status": "automatic",
        "eventUrl": "https://earthquake.usgs.gov/earthquakes/eventpage/aka2026tueakr",
        "source_url": "https://earthquake.usgs.gov/earthquakes/eventpage/aka2026tueakr",
        "detailUrl": "https://earthquake.usgs.gov/earthquakes/feed/v1.0/detail/aka2026tueakr.geojson",
        "tsunami": false,
        "categories": [
          "Earthquakes"
        ]
      }
    },
    {
      "type": "Feature",
      "id": "ci41343983",
      "geometry": {
        "type": "Point",
        "coordinates": [
          -116.8485,
          34.3065,
          5.06
        ]
      },
      "properties": {
        "source": "USGS",
        "evidenceType": "measured-detection",
        "magnitude": 0.46,
        "depthKm": 5.06,
        "observationUtc": "2026-10-06T08:49:45.480000Z",
        "observation_time": "2026-10-06T08:49:45.480000Z",
        "place": "5 km N of Big Bear City, CA",
        "title": "M 0.5 - 5 km N of Big Bear City, CA",
        "status": "reviewed",
        "eventUrl": "https://earthquake.usgs.gov/earthquakes/eventpage/ci41343983",
        "source_url": "https://earthquake.usgs.gov/earthquakes/eventpage/ci41343983",
        "detailUrl": "https://earthquake.usgs.gov/earthquakes/feed/v1.0/detail/ci41343983.geojson",
        "tsunami": false,
        "categories": [
          "Earthquakes"
        ]
      }
    },
    {
      "type": "Feature",
      "id": "us6000tzvn",
      "geometry": {
        "type": "Point",
        "coordinates": [
          152.7519,
          -4.4773,
          20.643
        ]
      },
      "properties": {
        "source": "USGS",
        "evidenceType": "measured-detection",
        "magnitude": 4.9,
        "depthKm": 20.643,
        "observationUtc": "2026-10-06T08:45:26.946000Z",
        "observation_time": "2026-10-06T08:45:26.946000Z",
        "place": "55 km ESE of Kokopo, Papua New Guinea",
        "title": "M 4.9 - 55 km ESE of Kokopo, Papua New Guinea",
        "status": "reviewed",
        "eventUrl": "https://earthquake.usgs.gov/earthquakes/eventpage/us6000tzvn",
        "source_url": "https://earthquake.usgs.gov/earthquakes/eventpage/us6000tzvn",
        "detailUrl": "https://earthquake.usgs.gov/earthquakes/feed/v1.0/detail/us6000tzvn.geojson",
        "tsunami": false,
        "categories": [
          "Earthquakes"
        ]
      }
    },
    {
      "type": "Feature",
      "id": "ci41343975",
      "geometry": {
        "type": "Point",
        "coordinates": [
          -116.8615,
          34.2938333333333,
          4.05
        ]
      },
      "properties": {
        "source": "USGS",
        "evidenceType": "measured-detection",
        "magnitude": 2.6,
        "depthKm": 4.05,
        "observationUtc": "2026-10-06T08:40:14.530000Z",
        "observation_time": "2026-10-06T08:40:14.530000Z",
        "place": "4 km NNW of Big Bear City, CA",
        "title": "M 2.6 - 4 km NNW of Big Bear City, CA",
        "status": "reviewed",
        "eventUrl": "https://earthquake.usgs.gov/earthquakes/eventpage/ci41343975",
        "source_url": "https://earthquake.usgs.gov/earthquakes/eventpage/ci41343975",
        "detailUrl": "https://earthquake.usgs.gov/earthquakes/feed/v1.0/detail/ci41343975.geojson",
        "tsunami": false,
        "categories": [
          "Earthquakes"
        ]
      }
    },
    {
      "type": "Feature",
      "id": "uw714116711",
      "geometry": {
        "type": "Point",
        "coordinates": [
          -122.627166748047,
          47.6078338623047,
          23.1399993896484
        ]
      },
      "properties": {
        "source": "USGS",
        "evidenceType": "measured-detection",
        "magnitude": 2.07163524627686,
        "depthKm": 23.1399993896484,
        "observationUtc": "2026-10-06T08:36:29.950000Z",
        "observation_time": "2026-10-06T08:36:29.950000Z",
        "place": "2 km E of Tracyton, Washington",
        "title": "M 2.1 - 2 km E of Tracyton, Washington",
        "status": "automatic",
        "eventUrl": "https://earthquake.usgs.gov/earthquakes/eventpage/uw714116711",
        "source_url": "https://earthquake.usgs.gov/earthquakes/eventpage/uw714116711",
        "detailUrl": "https://earthquake.usgs.gov/earthquakes/feed/v1.0/detail/uw714116711.geojson",
        "tsunami": false,
        "categories": [
          "Earthquakes"
        ]
      }
    },
    {
      "type": "Feature",
      "id": "aka2026tucued",
      "geometry": {
        "type": "Point",
        "coordinates": [
          -144.219,
          61.997,
          14.8
        ]
      },
      "properties": {
        "source": "USGS",
        "evidenceType": "measured-detection",
        "magnitude": 1.1,
        "depthKm": 14.8,
        "observationUtc": "2026-10-06T08:20:44.238000Z",
        "observation_time": "2026-10-06T08:20:44.238000Z",
        "place": "49 km NE of Kenny Lake, Alaska",
        "title": "M 1.1 - 49 km NE of Kenny Lake, Alaska",
        "status": "automatic",
        "eventUrl": "https://earthquake.usgs.gov/earthquakes/eventpage/aka2026tucued",
        "source_url": "https://earthquake.usgs.gov/earthquakes/eventpage/aka2026tucued",
        "detailUrl": "https://earthquake.usgs.gov/earthquakes/feed/v1.0/detail/aka2026tucued.geojson",
        "tsunami": false,
        "categories": [
          "Earthquakes"
        ]
      }
    },
    {
      "type": "Feature",
      "id": "ci41343967",
      "geometry": {
        "type": "Point",
        "coordinates": [
          -118.044166666667,
          36.126,
          1.22
        ]
      },
      "properties": {
        "source": "USGS",
        "evidenceType": "measured-detection",
        "magnitude": 0.85,
        "depthKm": 1.22,
        "observationUtc": "2026-10-06T08:17:08.500000Z",
        "observation_time": "2026-10-06T08:17:08.500000Z",
        "place": "12 km NW of Coso Junction, CA",
        "title": "M 0.9 - 12 km NW of Coso Junction, CA",
        "status": "reviewed",
        "eventUrl": "https://earthquake.usgs.gov/earthquakes/eventpage/ci41343967",
        "source_url": "https://earthquake.usgs.gov/earthquakes/eventpage/ci41343967",
        "detailUrl": "https://earthquake.usgs.gov/earthquakes/feed/v1.0/detail/ci41343967.geojson",
        "tsunami": false,
        "categories": [
          "Earthquakes"
        ]
      }
    },
    {
      "type": "Feature",
      "id": "nc75445361",
      "geometry": {
        "type": "Point",
        "coordinates": [
          -122.76016998291,
          38.7933349609375,
          0.529999971389771
        ]
      },
      "properties": {
        "source": "USGS",
        "evidenceType": "measured-detection",
        "magnitude": 0.96,
        "depthKm": 0.529999971389771,
        "observationUtc": "2026-10-06T08:05:35.560000Z",
        "observation_time": "2026-10-06T08:05:35.560000Z",
        "place": "2 km N of The Geysers, CA",
        "title": "M 1.0 - 2 km N of The Geysers, CA",
        "status": "automatic",
        "eventUrl": "https://earthquake.usgs.gov/earthquakes/eventpage/nc75445361",
        "source_url": "https://earthquake.usgs.gov/earthquakes/eventpage/nc75445361",
        "detailUrl": "https://earthquake.usgs.gov/earthquakes/feed/v1.0/detail/nc75445361.geojson",
        "tsunami": false,
        "categories": [
          "Earthquakes"
        ]
      }
    },
    {
      "type": "Feature",
      "id": "nn00925345",
      "geometry": {
        "type": "Point",
        "coordinates": [
          -115.5199,
          38.2028,
          10.4481
        ]
      },
      "properties": {
        "source": "USGS",
        "evidenceType": "measured-detection",
        "magnitude": 1.61,
        "depthKm": 10.4481,
        "observationUtc": "2026-10-06T07:42:28.029000Z",
        "observation_time": "2026-10-06T07:42:28.029000Z",
        "place": "64 km NNE of Rachel, Nevada",
        "title": "M 1.6 - 64 km NNE of Rachel, Nevada",
        "status": "automatic",
        "eventUrl": "https://earthquake.usgs.gov/earthquakes/eventpage/nn00925345",
        "source_url": "https://earthquake.usgs.gov/earthquakes/eventpage/nn00925345",
        "detailUrl": "https://earthquake.usgs.gov/earthquakes/feed/v1.0/detail/nn00925345.geojson",
        "tsunami": false,
        "categories": [
          "Earthquakes"
        ]
      }
    },
    {
      "type": "Feature",
      "id": "nc75445356",
      "geometry": {
        "type": "Point",
        "coordinates": [
          -122.758499145508,
          38.7936668395996,
          0.469999998807907
        ]
      },
      "properties": {
        "source": "USGS",
        "evidenceType": "measured-detection",
        "magnitude": 1.2,
        "depthKm": 0.469999998807907,
        "observationUtc": "2026-10-06T07:42:04.710000Z",
        "observation_time": "2026-10-06T07:42:04.710000Z",
        "place": "2 km N of The Geysers, CA",
        "title": "M 1.2 - 2 km N of The Geysers, CA",
        "status": "automatic",
        "eventUrl": "https://earthquake.usgs.gov/earthquakes/eventpage/nc75445356",
        "source_url": "https://earthquake.usgs.gov/earthquakes/eventpage/nc75445356",
        "detailUrl": "https://earthquake.usgs.gov/earthquakes/feed/v1.0/detail/nc75445356.geojson",
        "tsunami": false,
        "categories": [
          "Earthquakes"
        ]
      }
    },
    {
      "type": "Feature",
      "id": "nc75445351",
      "geometry": {
        "type": "Point",
        "coordinates": [
          -122.876335144043,
          38.841667175293,
          2.63000011444092
        ]
      },
      "properties": {
        "source": "USGS",
        "evidenceType": "measured-detection",
        "magnitude": 0.78,
        "depthKm": 2.63000011444092,
        "observationUtc": "2026-10-06T07:32:47.070000Z",
        "observation_time": "2026-10-06T07:32:47.070000Z",
        "place": "13 km NW of The Geysers, CA",
        "title": "M 0.8 - 13 km NW of The Geysers, CA",
        "status": "automatic",
        "eventUrl": "https://earthquake.usgs.gov/earthquakes/eventpage/nc75445351",
        "source_url": "https://earthquake.usgs.gov/earthquakes/eventpage/nc75445351",
        "detailUrl": "https://earthquake.usgs.gov/earthquakes/feed/v1.0/detail/nc75445351.geojson",
        "tsunami": false,
        "categories": [
          "Earthquakes"
        ]
      }
    },
    {
      "type": "Feature",
      "id": "ci41343951",
      "geometry": {
        "type": "Point",
        "coordinates": [
          -116.8295,
          33.7025,
          15.64
        ]
      },
      "properties": {
        "source": "USGS",
        "evidenceType": "measured-detection",
        "magnitude": 1.4,
        "depthKm": 15.64,
        "observationUtc": "2026-10-06T07:14:59.310000Z",
        "observation_time": "2026-10-06T07:14:59.310000Z",
        "place": "8 km SE of Valle Vista, CA",
        "title": "M 1.4 - 8 km SE of Valle Vista, CA",
        "status": "automatic",
        "eventUrl": "https://earthquake.usgs.gov/earthquakes/eventpage/ci41343951",
        "source_url": "https://earthquake.usgs.gov/earthquakes/eventpage/ci41343951",
        "detailUrl": "https://earthquake.usgs.gov/earthquakes/feed/v1.0/detail/ci41343951.geojson",
        "tsunami": false,
        "categories": [
          "Earthquakes"
        ]
      }
    },
    {
      "type": "Feature",
      "id": "aka2026tuajdx",
      "geometry": {
        "type": "Point",
        "coordinates": [
          -152.78,
          60.343,
          41.5
        ]
      },
      "properties": {
        "source": "USGS",
        "evidenceType": "measured-detection",
        "magnitude": 0.6,
        "depthKm": 41.5,
        "observationUtc": "2026-10-06T07:08:04.103000Z",
        "observation_time": "2026-10-06T07:08:04.103000Z",
        "place": "69 km WNW of Ninilchik, Alaska",
        "title": "M 0.6 - 69 km WNW of Ninilchik, Alaska",
        "status": "automatic",
        "eventUrl": "https://earthquake.usgs.gov/earthquakes/eventpage/aka2026tuajdx",
        "source_url": "https://earthquake.usgs.gov/earthquakes/eventpage/aka2026tuajdx",
        "detailUrl": "https://earthquake.usgs.gov/earthquakes/feed/v1.0/detail/aka2026tuajdx.geojson",
        "tsunami": false,
        "categories": [
          "Earthquakes"
        ]
      }
    },
    {
      "type": "Feature",
      "id": "nc75445336",
      "geometry": {
        "type": "Point",
        "coordinates": [
          -122.87166595459,
          38.8306655883789,
          2.71000003814697
        ]
      },
      "properties": {
        "source": "USGS",
        "evidenceType": "measured-detection",
        "magnitude": 0.79,
        "depthKm": 2.71000003814697,
        "observationUtc": "2026-10-06T07:01:57.690000Z",
        "observation_time": "2026-10-06T07:01:57.690000Z",
        "place": "12 km WNW of The Geysers, CA",
        "title": "M 0.8 - 12 km WNW of The Geysers, CA",
        "status": "automatic",
        "eventUrl": "https://earthquake.usgs.gov/earthquakes/eventpage/nc75445336",
        "source_url": "https://earthquake.usgs.gov/earthquakes/eventpage/nc75445336",
        "detailUrl": "https://earthquake.usgs.gov/earthquakes/feed/v1.0/detail/nc75445336.geojson",
        "tsunami": false,
        "categories": [
          "Earthquakes"
        ]
      }
    },
    {
      "type": "Feature",
      "id": "aka2026tuadfz",
      "geometry": {
        "type": "Point",
        "coordinates": [
          -148.748,
          64.885,
          11.9
        ]
      },
      "properties": {
        "source": "USGS",
        "evidenceType": "measured-detection",
        "magnitude": 1.3,
        "depthKm": 11.9,
        "observationUtc": "2026-10-06T07:01:14.524000Z",
        "observation_time": "2026-10-06T07:01:14.524000Z",
        "place": "35 km W of Ester, Alaska",
        "title": "M 1.3 - 35 km W of Ester, Alaska",
        "status": "automatic",
        "eventUrl": "https://earthquake.usgs.gov/earthquakes/eventpage/aka2026tuadfz",
        "source_url": "https://earthquake.usgs.gov/earthquakes/eventpage/aka2026tuadfz",
        "detailUrl": "https://earthquake.usgs.gov/earthquakes/feed/v1.0/detail/aka2026tuadfz.geojson",
        "tsunami": false,
        "categories": [
          "Earthquakes"
        ]
      }
    },
    {
      "type": "Feature",
      "id": "ci41343943",
      "geometry": {
        "type": "Point",
        "coordinates": [
          -117.699333333333,
          35.8766666666667,
          6.9
        ]
      },
      "properties": {
        "source": "USGS",
        "evidenceType": "measured-detection",
        "magnitude": 0.59,
        "depthKm": 6.9,
        "observationUtc": "2026-10-06T06:56:29.960000Z",
        "observation_time": "2026-10-06T06:56:29.960000Z",
        "place": "20 km ESE of Little Lake, CA",
        "title": "M 0.6 - 20 km ESE of Little Lake, CA",
        "status": "reviewed",
        "eventUrl": "https://earthquake.usgs.gov/earthquakes/eventpage/ci41343943",
        "source_url": "https://earthquake.usgs.gov/earthquakes/eventpage/ci41343943",
        "detailUrl": "https://earthquake.usgs.gov/earthquakes/feed/v1.0/detail/ci41343943.geojson",
        "tsunami": false,
        "categories": [
          "Earthquakes"
        ]
      }
    },
    {
      "type": "Feature",
      "id": "us6000tzva",
      "geometry": {
        "type": "Point",
        "coordinates": [
          -67.4214,
          -20.0088,
          191.741
        ]
      },
      "properties": {
        "source": "USGS",
        "evidenceType": "measured-detection",
        "magnitude": 4.5,
        "depthKm": 191.741,
        "observationUtc": "2026-10-06T06:54:10.618000Z",
        "observation_time": "2026-10-06T06:54:10.618000Z",
        "place": "60 km WNW of Colchani, Bolivia",
        "title": "M 4.5 - 60 km WNW of Colchani, Bolivia",
        "status": "reviewed",
        "eventUrl": "https://earthquake.usgs.gov/earthquakes/eventpage/us6000tzva",
        "source_url": "https://earthquake.usgs.gov/earthquakes/eventpage/us6000tzva",
        "detailUrl": "https://earthquake.usgs.gov/earthquakes/feed/v1.0/detail/us6000tzva.geojson",
        "tsunami": false,
        "categories": [
          "Earthquakes"
        ]
      }
    },
    {
      "type": "Feature",
      "id": "ci41343935",
      "geometry": {
        "type": "Point",
        "coordinates": [
          -118.622,
          34.3851666666667,
          2.03
        ]
      },
      "properties": {
        "source": "USGS",
        "evidenceType": "measured-detection",
        "magnitude": 1.26,
        "depthKm": 2.03,
        "observationUtc": "2026-10-06T06:51:39.430000Z",
        "observation_time": "2026-10-06T06:51:39.430000Z",
        "place": "9 km SSW of Valencia, CA",
        "title": "M 1.3 - 9 km SSW of Valencia, CA",
        "status": "automatic",
        "eventUrl": "https://earthquake.usgs.gov/earthquakes/eventpage/ci41343935",
        "source_url": "https://earthquake.usgs.gov/earthquakes/eventpage/ci41343935",
        "detailUrl": "https://earthquake.usgs.gov/earthquakes/feed/v1.0/detail/ci41343935.geojson",
        "tsunami": false,
        "categories": [
          "Earthquakes"
        ]
      }
    },
    {
      "type": "Feature",
      "id": "aka2026ttzqxu",
      "geometry": {
        "type": "Point",
        "coordinates": [
          -149.077,
          64.746,
          13.8
        ]
      },
      "properties": {
        "source": "USGS",
        "evidenceType": "measured-detection",
        "magnitude": 0.8,
        "depthKm": 13.8,
        "observationUtc": "2026-10-06T06:47:01.979000Z",
        "observation_time": "2026-10-06T06:47:01.979000Z",
        "place": "16 km N of Four Mile Road, Alaska",
        "title": "M 0.8 - 16 km N of Four Mile Road, Alaska",
        "status": "automatic",
        "eventUrl": "https://earthquake.usgs.gov/earthquakes/eventpage/aka2026ttzqxu",
        "source_url": "https://earthquake.usgs.gov/earthquakes/eventpage/aka2026ttzqxu",
        "detailUrl": "https://earthquake.usgs.gov/earthquakes/feed/v1.0/detail/aka2026ttzqxu.geojson",
        "tsunami": false,
        "categories": [
          "Earthquakes"
        ]
      }
    },
    {
      "type": "Feature",
      "id": "nc75445326",
      "geometry": {
        "type": "Point",
        "coordinates": [
          -123.472503662109,
          39.8318328857422,
          7.28999996185303
        ]
      },
      "properties": {
        "source": "USGS",
        "evidenceType": "measured-detection",
        "magnitude": 1.46,
        "depthKm": 7.28999996185303,
        "observationUtc": "2026-10-06T06:24:25.860000Z",
        "observation_time": "2026-10-06T06:24:25.860000Z",
        "place": "16 km N of Laytonville, CA",
        "title": "M 1.5 - 16 km N of Laytonville, CA",
        "status": "automatic",
        "eventUrl": "https://earthquake.usgs.gov/earthquakes/eventpage/nc75445326",
        "source_url": "https://earthquake.usgs.gov/earthquakes/eventpage/nc75445326",
        "detailUrl": "https://earthquake.usgs.gov/earthquakes/feed/v1.0/detail/nc75445326.geojson",
        "tsunami": false,
        "categories": [
          "Earthquakes"
        ]
      }
    },
    {
      "type": "Feature",
      "id": "us6000tzv6",
      "geometry": {
        "type": "Point",
        "coordinates": [
          -68.6026,
          -21.1586,
          122.011
        ]
      },
      "properties": {
        "source": "USGS",
        "evidenceType": "measured-detection",
        "magnitude": 4.7,
        "depthKm": 122.011,
        "observationUtc": "2026-10-06T06:16:33.173000Z",
        "observation_time": "2026-10-06T06:16:33.173000Z",
        "place": "36 km WNW of Ollagüe, Chile",
        "title": "M 4.7 - 36 km WNW of Ollagüe, Chile",
        "status": "reviewed",
        "eventUrl": "https://earthquake.usgs.gov/earthquakes/eventpage/us6000tzv6",
        "source_url": "https://earthquake.usgs.gov/earthquakes/eventpage/us6000tzv6",
        "detailUrl": "https://earthquake.usgs.gov/earthquakes/feed/v1.0/detail/us6000tzv6.geojson",
        "tsunami": false,
        "categories": [
          "Earthquakes"
        ]
      }
    },
    {
      "type": "Feature",
      "id": "ci41343927",
      "geometry": {
        "type": "Point",
        "coordinates": [
          -116.446666666667,
          33.1833333333333,
          4.53
        ]
      },
      "properties": {
        "source": "USGS",
        "evidenceType": "measured-detection",
        "magnitude": 0.4,
        "depthKm": 4.53,
        "observationUtc": "2026-10-06T06:05:21.250000Z",
        "observation_time": "2026-10-06T06:05:21.250000Z",
        "place": "10 km SW of Borrego Springs, CA",
        "title": "M 0.4 - 10 km SW of Borrego Springs, CA",
        "status": "reviewed",
        "eventUrl": "https://earthquake.usgs.gov/earthquakes/eventpage/ci41343927",
        "source_url": "https://earthquake.usgs.gov/earthquakes/eventpage/ci41343927",
        "detailUrl": "https://earthquake.usgs.gov/earthquakes/feed/v1.0/detail/ci41343927.geojson",
        "tsunami": false,
        "categories": [
          "Earthquakes"
        ]
      }
    },
    {
      "type": "Feature",
      "id": "aka2026ttygip",
      "geometry": {
        "type": "Point",
        "coordinates": [
          -147.67,
          63.857,
          1.3
        ]
      },
      "properties": {
        "source": "USGS",
        "evidenceType": "measured-detection",
        "magnitude": 3.1,
        "depthKm": 1.3,
        "observationUtc": "2026-10-06T06:04:50.916000Z",
        "observation_time": "2026-10-06T06:04:50.916000Z",
        "place": "62 km ENE of Denali Park, Alaska",
        "title": "M 3.1 - 62 km ENE of Denali Park, Alaska",
        "status": "automatic",
        "eventUrl": "https://earthquake.usgs.gov/earthquakes/eventpage/aka2026ttygip",
        "source_url": "https://earthquake.usgs.gov/earthquakes/eventpage/aka2026ttygip",
        "detailUrl": "https://earthquake.usgs.gov/earthquakes/feed/v1.0/detail/aka2026ttygip.geojson",
        "tsunami": false,
        "categories": [
          "Earthquakes"
        ]
      }
    },
    {
      "type": "Feature",
      "id": "tx2026tqtyfe",
      "geometry": {
        "type": "Point",
        "coordinates": [
          -104.127,
          31.544,
          7.8943
        ]
      },
      "properties": {
        "source": "USGS",
        "evidenceType": "measured-detection",
        "magnitude": 1.8,
        "depthKm": 7.8943,
        "observationUtc": "2026-10-06T06:03:53.543000Z",
        "observation_time": "2026-10-06T06:03:53.543000Z",
        "place": "40 km NW of Toyah, Texas",
        "title": "M 1.8 - 40 km NW of Toyah, Texas",
        "status": "reviewed",
        "eventUrl": "https://earthquake.usgs.gov/earthquakes/eventpage/tx2026tqtyfe",
        "source_url": "https://earthquake.usgs.gov/earthquakes/eventpage/tx2026tqtyfe",
        "detailUrl": "https://earthquake.usgs.gov/earthquakes/feed/v1.0/detail/tx2026tqtyfe.geojson",
        "tsunami": false,
        "categories": [
          "Earthquakes"
        ]
      }
    },
    {
      "type": "Feature",
      "id": "ci41343919",
      "geometry": {
        "type": "Point",
        "coordinates": [
          -117.794,
          35.3096666666667,
          5.72
        ]
      },
      "properties": {
        "source": "USGS",
        "evidenceType": "measured-detection",
        "magnitude": 0.91,
        "depthKm": 5.72,
        "observationUtc": "2026-10-06T05:58:09.120000Z",
        "observation_time": "2026-10-06T05:58:09.120000Z",
        "place": "16 km WSW of Johannesburg, CA",
        "title": "M 0.9 - 16 km WSW of Johannesburg, CA",
        "status": "reviewed",
        "eventUrl": "https://earthquake.usgs.gov/earthquakes/eventpage/ci41343919",
        "source_url": "https://earthquake.usgs.gov/earthquakes/eventpage/ci41343919",
        "detailUrl": "https://earthquake.usgs.gov/earthquakes/feed/v1.0/detail/ci41343919.geojson",
        "tsunami": false,
        "categories": [
          "Earthquakes"
        ]
      }
    },
    {
      "type": "Feature",
      "id": "ci41343911",
      "geometry": {
        "type": "Point",
        "coordinates": [
          -116.74,
          33.6826666666667,
          14.8
        ]
      },
      "properties": {
        "source": "USGS",
        "evidenceType": "measured-detection",
        "magnitude": 0.39,
        "depthKm": 14.8,
        "observationUtc": "2026-10-06T05:39:12.730000Z",
        "observation_time": "2026-10-06T05:39:12.730000Z",
        "place": "7 km SSW of Idyllwild, CA",
        "title": "M 0.4 - 7 km SSW of Idyllwild, CA",
        "status": "reviewed",
        "eventUrl": "https://earthquake.usgs.gov/earthquakes/eventpage/ci41343911",
        "source_url": "https://earthquake.usgs.gov/earthquakes/eventpage/ci41343911",
        "detailUrl": "https://earthquake.usgs.gov/earthquakes/feed/v1.0/detail/ci41343911.geojson",
        "tsunami": false,
        "categories": [
          "Earthquakes"
        ]
      }
    },
    {
      "type": "Feature",
      "id": "aka2026ttxcwj",
      "geometry": {
        "type": "Point",
        "coordinates": [
          -150.827,
          63.036,
          108.5
        ]
      },
      "properties": {
        "source": "USGS",
        "evidenceType": "measured-detection",
        "magnitude": 2,
        "depthKm": 108.5,
        "observationUtc": "2026-10-06T05:30:42.173000Z",
        "observation_time": "2026-10-06T05:30:42.173000Z",
        "place": "60 km N of Petersville, Alaska",
        "title": "M 2.0 - 60 km N of Petersville, Alaska",
        "status": "automatic",
        "eventUrl": "https://earthquake.usgs.gov/earthquakes/eventpage/aka2026ttxcwj",
        "source_url": "https://earthquake.usgs.gov/earthquakes/eventpage/aka2026ttxcwj",
        "detailUrl": "https://earthquake.usgs.gov/earthquakes/feed/v1.0/detail/aka2026ttxcwj.geojson",
        "tsunami": false,
        "categories": [
          "Earthquakes"
        ]
      }
    },
    {
      "type": "Feature",
      "id": "ci41343903",
      "geometry": {
        "type": "Point",
        "coordinates": [
          -116.069833333333,
          32.7083333333333,
          9.39
        ]
      },
      "properties": {
        "source": "USGS",
        "evidenceType": "measured-detection",
        "magnitude": 1.33,
        "depthKm": 9.39,
        "observationUtc": "2026-10-06T05:26:33.390000Z",
        "observation_time": "2026-10-06T05:26:33.390000Z",
        "place": "8 km WSW of Ocotillo, CA",
        "title": "M 1.3 - 8 km WSW of Ocotillo, CA",
        "status": "reviewed",
        "eventUrl": "https://earthquake.usgs.gov/earthquakes/eventpage/ci41343903",
        "source_url": "https://earthquake.usgs.gov/earthquakes/eventpage/ci41343903",
        "detailUrl": "https://earthquake.usgs.gov/earthquakes/feed/v1.0/detail/ci41343903.geojson",
        "tsunami": false,
        "categories": [
          "Earthquakes"
        ]
      }
    },
    {
      "type": "Feature",
      "id": "aka2026ttwvms",
      "geometry": {
        "type": "Point",
        "coordinates": [
          -151.587,
          61.553,
          80.7
        ]
      },
      "properties": {
        "source": "USGS",
        "evidenceType": "measured-detection",
        "magnitude": 2.4,
        "depthKm": 80.7,
        "observationUtc": "2026-10-06T05:22:17.218000Z",
        "observation_time": "2026-10-06T05:22:17.218000Z",
        "place": "49 km SSW of Skwentna, Alaska",
        "title": "M 2.4 - 49 km SSW of Skwentna, Alaska",
        "status": "automatic",
        "eventUrl": "https://earthquake.usgs.gov/earthquakes/eventpage/aka2026ttwvms",
        "source_url": "https://earthquake.usgs.gov/earthquakes/eventpage/aka2026ttwvms",
        "detailUrl": "https://earthquake.usgs.gov/earthquakes/feed/v1.0/detail/aka2026ttwvms.geojson",
        "tsunami": false,
        "categories": [
          "Earthquakes"
        ]
      }
    },
    {
      "type": "Feature",
      "id": "nc75445321",
      "geometry": {
        "type": "Point",
        "coordinates": [
          -122.787170410156,
          38.8368339538574,
          1.55999994277954
        ]
      },
      "properties": {
        "source": "USGS",
        "evidenceType": "measured-detection",
        "magnitude": 0.69,
        "depthKm": 1.55999994277954,
        "observationUtc": "2026-10-06T05:21:58.110000Z",
        "observation_time": "2026-10-06T05:21:58.110000Z",
        "place": "6 km WNW of Cobb, CA",
        "title": "M 0.7 - 6 km WNW of Cobb, CA",
        "status": "automatic",
        "eventUrl": "https://earthquake.usgs.gov/earthquakes/eventpage/nc75445321",
        "source_url": "https://earthquake.usgs.gov/earthquakes/eventpage/nc75445321",
        "detailUrl": "https://earthquake.usgs.gov/earthquakes/feed/v1.0/detail/nc75445321.geojson",
        "tsunami": false,
        "categories": [
          "Earthquakes"
        ]
      }
    },
    {
      "type": "Feature",
      "id": "nc75445316",
      "geometry": {
        "type": "Point",
        "coordinates": [
          -122.194000244141,
          38.3988342285156,
          6.09999990463257
        ]
      },
      "properties": {
        "source": "USGS",
        "evidenceType": "measured-detection",
        "magnitude": 1.23,
        "depthKm": 6.09999990463257,
        "observationUtc": "2026-10-06T04:59:39.600000Z",
        "observation_time": "2026-10-06T04:59:39.600000Z",
        "place": "14 km NE of Napa, CA",
        "title": "M 1.2 - 14 km NE of Napa, CA",
        "status": "automatic",
        "eventUrl": "https://earthquake.usgs.gov/earthquakes/eventpage/nc75445316",
        "source_url": "https://earthquake.usgs.gov/earthquakes/eventpage/nc75445316",
        "detailUrl": "https://earthquake.usgs.gov/earthquakes/feed/v1.0/detail/nc75445316.geojson",
        "tsunami": false,
        "categories": [
          "Earthquakes"
        ]
      }
    },
    {
      "type": "Feature",
      "id": "uu80158646",
      "geometry": {
        "type": "Point",
        "coordinates": [
          -110.847166666667,
          40.9036666666667,
          13.88
        ]
      },
      "properties": {
        "source": "USGS",
        "evidenceType": "measured-detection",
        "magnitude": 2.34,
        "depthKm": 13.88,
        "observationUtc": "2026-10-06T04:57:39.260000Z",
        "observation_time": "2026-10-06T04:57:39.260000Z",
        "place": "41 km SSE of Evanston, Wyoming",
        "title": "M 2.3 - 41 km SSE of Evanston, Wyoming",
        "status": "reviewed",
        "eventUrl": "https://earthquake.usgs.gov/earthquakes/eventpage/uu80158646",
        "source_url": "https://earthquake.usgs.gov/earthquakes/eventpage/uu80158646",
        "detailUrl": "https://earthquake.usgs.gov/earthquakes/feed/v1.0/detail/uu80158646.geojson",
        "tsunami": false,
        "categories": [
          "Earthquakes"
        ]
      }
    },
    {
      "type": "Feature",
      "id": "nc75445311",
      "geometry": {
        "type": "Point",
        "coordinates": [
          -122.837997436523,
          38.8423347473145,
          1.89999997615814
        ]
      },
      "properties": {
        "source": "USGS",
        "evidenceType": "measured-detection",
        "magnitude": 0.88,
        "depthKm": 1.89999997615814,
        "observationUtc": "2026-10-06T04:57:18.350000Z",
        "observation_time": "2026-10-06T04:57:18.350000Z",
        "place": "10 km NW of The Geysers, CA",
        "title": "M 0.9 - 10 km NW of The Geysers, CA",
        "status": "automatic",
        "eventUrl": "https://earthquake.usgs.gov/earthquakes/eventpage/nc75445311",
        "source_url": "https://earthquake.usgs.gov/earthquakes/eventpage/nc75445311",
        "detailUrl": "https://earthquake.usgs.gov/earthquakes/feed/v1.0/detail/nc75445311.geojson",
        "tsunami": false,
        "categories": [
          "Earthquakes"
        ]
      }
    },
    {
      "type": "Feature",
      "id": "ci41343895",
      "geometry": {
        "type": "Point",
        "coordinates": [
          -116.796833333333,
          33.7643333333333,
          7.86
        ]
      },
      "properties": {
        "source": "USGS",
        "evidenceType": "measured-detection",
        "magnitude": 0.11,
        "depthKm": 7.86,
        "observationUtc": "2026-10-06T04:41:12.580000Z",
        "observation_time": "2026-10-06T04:41:12.580000Z",
        "place": "8 km WNW of Idyllwild, CA",
        "title": "M 0.1 - 8 km WNW of Idyllwild, CA",
        "status": "reviewed",
        "eventUrl": "https://earthquake.usgs.gov/earthquakes/eventpage/ci41343895",
        "source_url": "https://earthquake.usgs.gov/earthquakes/eventpage/ci41343895",
        "detailUrl": "https://earthquake.usgs.gov/earthquakes/feed/v1.0/detail/ci41343895.geojson",
        "tsunami": false,
        "categories": [
          "Earthquakes"
        ]
      }
    },
    {
      "type": "Feature",
      "id": "us6000tzus",
      "geometry": {
        "type": "Point",
        "coordinates": [
          144.4068,
          6.7818,
          10
        ]
      },
      "properties": {
        "source": "USGS",
        "evidenceType": "measured-detection",
        "magnitude": 4.9,
        "depthKm": 10,
        "observationUtc": "2026-10-06T04:40:28.098000Z",
        "observation_time": "2026-10-06T04:40:28.098000Z",
        "place": "State of Yap, Federated States of Micronesia",
        "title": "M 4.9 - State of Yap, Federated States of Micronesia",
        "status": "reviewed",
        "eventUrl": "https://earthquake.usgs.gov/earthquakes/eventpage/us6000tzus",
        "source_url": "https://earthquake.usgs.gov/earthquakes/eventpage/us6000tzus",
        "detailUrl": "https://earthquake.usgs.gov/earthquakes/feed/v1.0/detail/us6000tzus.geojson",
        "tsunami": false,
        "categories": [
          "Earthquakes"
        ]
      }
    },
    {
      "type": "Feature",
      "id": "nc75445306",
      "geometry": {
        "type": "Point",
        "coordinates": [
          -121.351669311523,
          36.681999206543,
          2.25
        ]
      },
      "properties": {
        "source": "USGS",
        "evidenceType": "measured-detection",
        "magnitude": 1.59,
        "depthKm": 2.25,
        "observationUtc": "2026-10-06T04:39:50.740000Z",
        "observation_time": "2026-10-06T04:39:50.740000Z",
        "place": "12 km SSW of Tres Pinos, CA",
        "title": "M 1.6 - 12 km SSW of Tres Pinos, CA",
        "status": "automatic",
        "eventUrl": "https://earthquake.usgs.gov/earthquakes/eventpage/nc75445306",
        "source_url": "https://earthquake.usgs.gov/earthquakes/eventpage/nc75445306",
        "detailUrl": "https://earthquake.usgs.gov/earthquakes/feed/v1.0/detail/nc75445306.geojson",
        "tsunami": false,
        "categories": [
          "Earthquakes"
        ]
      }
    },
    {
      "type": "Feature",
      "id": "us6000tzun",
      "geometry": {
        "type": "Point",
        "coordinates": [
          -156.8293,
          18.7252,
          10
        ]
      },
      "properties": {
        "source": "USGS",
        "evidenceType": "measured-detection",
        "magnitude": 3.3,
        "depthKm": 10,
        "observationUtc": "2026-10-06T04:29:49.160000Z",
        "observation_time": "2026-10-06T04:29:49.160000Z",
        "place": "118 km WSW of Hawaiian Ocean View, Hawaii",
        "title": "M 3.3 - 118 km WSW of Hawaiian Ocean View, Hawaii",
        "status": "reviewed",
        "eventUrl": "https://earthquake.usgs.gov/earthquakes/eventpage/us6000tzun",
        "source_url": "https://earthquake.usgs.gov/earthquakes/eventpage/us6000tzun",
        "detailUrl": "https://earthquake.usgs.gov/earthquakes/feed/v1.0/detail/us6000tzun.geojson",
        "tsunami": false,
        "categories": [
          "Earthquakes"
        ]
      }
    },
    {
      "type": "Feature",
      "id": "us6000tzuq",
      "geometry": {
        "type": "Point",
        "coordinates": [
          142.845,
          29.02,
          10
        ]
      },
      "properties": {
        "source": "USGS",
        "evidenceType": "measured-detection",
        "magnitude": 4.6,
        "depthKm": 10,
        "observationUtc": "2026-10-06T04:28:36.912000Z",
        "observation_time": "2026-10-06T04:28:36.912000Z",
        "place": "Izu Islands, Japan region",
        "title": "M 4.6 - Izu Islands, Japan region",
        "status": "reviewed",
        "eventUrl": "https://earthquake.usgs.gov/earthquakes/eventpage/us6000tzuq",
        "source_url": "https://earthquake.usgs.gov/earthquakes/eventpage/us6000tzuq",
        "detailUrl": "https://earthquake.usgs.gov/earthquakes/feed/v1.0/detail/us6000tzuq.geojson",
        "tsunami": false,
        "categories": [
          "Earthquakes"
        ]
      }
    },
    {
      "type": "Feature",
      "id": "nc75445301",
      "geometry": {
        "type": "Point",
        "coordinates": [
          -122.74983215332,
          38.78466796875,
          0.589999973773956
        ]
      },
      "properties": {
        "source": "USGS",
        "evidenceType": "measured-detection",
        "magnitude": 0.76,
        "depthKm": 0.589999973773956,
        "observationUtc": "2026-10-06T04:26:33.560000Z",
        "observation_time": "2026-10-06T04:26:33.560000Z",
        "place": "1 km NE of The Geysers, CA",
        "title": "M 0.8 - 1 km NE of The Geysers, CA",
        "status": "automatic",
        "eventUrl": "https://earthquake.usgs.gov/earthquakes/eventpage/nc75445301",
        "source_url": "https://earthquake.usgs.gov/earthquakes/eventpage/nc75445301",
        "detailUrl": "https://earthquake.usgs.gov/earthquakes/feed/v1.0/detail/nc75445301.geojson",
        "tsunami": false,
        "categories": [
          "Earthquakes"
        ]
      }
    },
    {
      "type": "Feature",
      "id": "uw714116661",
      "geometry": {
        "type": "Point",
        "coordinates": [
          -124.053166666667,
          47.2653333333333,
          24.94
        ]
      },
      "properties": {
        "source": "USGS",
        "evidenceType": "measured-detection",
        "magnitude": 1.02,
        "depthKm": 24.94,
        "observationUtc": "2026-10-06T04:08:42.320000Z",
        "observation_time": "2026-10-06T04:08:42.320000Z",
        "place": "7 km WNW of Humptulips, Washington",
        "title": "M 1.0 - 7 km WNW of Humptulips, Washington",
        "status": "reviewed",
        "eventUrl": "https://earthquake.usgs.gov/earthquakes/eventpage/uw714116661",
        "source_url": "https://earthquake.usgs.gov/earthquakes/eventpage/uw714116661",
        "detailUrl": "https://earthquake.usgs.gov/earthquakes/feed/v1.0/detail/uw714116661.geojson",
        "tsunami": false,
        "categories": [
          "Earthquakes"
        ]
      }
    },
    {
      "type": "Feature",
      "id": "aka2026ttudjl",
      "geometry": {
        "type": "Point",
        "coordinates": [
          -149.903,
          61.548,
          32.8
        ]
      },
      "properties": {
        "source": "USGS",
        "evidenceType": "measured-detection",
        "magnitude": 3.4,
        "depthKm": 32.8,
        "observationUtc": "2026-10-06T04:01:29.033000Z",
        "observation_time": "2026-10-06T04:01:29.033000Z",
        "place": "4 km NE of Big Lake, Alaska",
        "title": "M 3.4 - 4 km NE of Big Lake, Alaska",
        "status": "automatic",
        "eventUrl": "https://earthquake.usgs.gov/earthquakes/eventpage/aka2026ttudjl",
        "source_url": "https://earthquake.usgs.gov/earthquakes/eventpage/aka2026ttudjl",
        "detailUrl": "https://earthquake.usgs.gov/earthquakes/feed/v1.0/detail/aka2026ttudjl.geojson",
        "tsunami": false,
        "categories": [
          "Earthquakes"
        ]
      }
    },
    {
      "type": "Feature",
      "id": "us6000tzul",
      "geometry": {
        "type": "Point",
        "coordinates": [
          -145.1953,
          69.6234,
          10
        ]
      },
      "properties": {
        "source": "USGS",
        "evidenceType": "measured-detection",
        "magnitude": 2.5,
        "depthKm": 10,
        "observationUtc": "2026-10-06T03:58:19.461000Z",
        "observation_time": "2026-10-06T03:58:19.461000Z",
        "place": "82 km SW of Kaktovik, Alaska",
        "title": "M 2.5 - 82 km SW of Kaktovik, Alaska",
        "status": "reviewed",
        "eventUrl": "https://earthquake.usgs.gov/earthquakes/eventpage/us6000tzul",
        "source_url": "https://earthquake.usgs.gov/earthquakes/eventpage/us6000tzul",
        "detailUrl": "https://earthquake.usgs.gov/earthquakes/feed/v1.0/detail/us6000tzul.geojson",
        "tsunami": false,
        "categories": [
          "Earthquakes"
        ]
      }
    },
    {
      "type": "Feature",
      "id": "ci41343887",
      "geometry": {
        "type": "Point",
        "coordinates": [
          -116.696666666667,
          33.637,
          14.49
        ]
      },
      "properties": {
        "source": "USGS",
        "evidenceType": "measured-detection",
        "magnitude": 0.22,
        "depthKm": 14.49,
        "observationUtc": "2026-10-06T03:56:31.550000Z",
        "observation_time": "2026-10-06T03:56:31.550000Z",
        "place": "9 km NNW of Anza, CA",
        "title": "M 0.2 - 9 km NNW of Anza, CA",
        "status": "reviewed",
        "eventUrl": "https://earthquake.usgs.gov/earthquakes/eventpage/ci41343887",
        "source_url": "https://earthquake.usgs.gov/earthquakes/eventpage/ci41343887",
        "detailUrl": "https://earthquake.usgs.gov/earthquakes/feed/v1.0/detail/ci41343887.geojson",
        "tsunami": false,
        "categories": [
          "Earthquakes"
        ]
      }
    },
    {
      "type": "Feature",
      "id": "us6000tzuj",
      "geometry": {
        "type": "Point",
        "coordinates": [
          120.3932,
          -7.8323,
          8.653
        ]
      },
      "properties": {
        "source": "USGS",
        "evidenceType": "measured-detection",
        "magnitude": 4.8,
        "depthKm": 8.653,
        "observationUtc": "2026-10-06T03:42:43.999000Z",
        "observation_time": "2026-10-06T03:42:43.999000Z",
        "place": "86 km N of Ruteng, Indonesia",
        "title": "M 4.8 - 86 km N of Ruteng, Indonesia",
        "status": "reviewed",
        "eventUrl": "https://earthquake.usgs.gov/earthquakes/eventpage/us6000tzuj",
        "source_url": "https://earthquake.usgs.gov/earthquakes/eventpage/us6000tzuj",
        "detailUrl": "https://earthquake.usgs.gov/earthquakes/feed/v1.0/detail/us6000tzuj.geojson",
        "tsunami": false,
        "categories": [
          "Earthquakes"
        ]
      }
    },
    {
      "type": "Feature",
      "id": "nc75445296",
      "geometry": {
        "type": "Point",
        "coordinates": [
          -122.803001403809,
          38.8216667175293,
          2.48000001907349
        ]
      },
      "properties": {
        "source": "USGS",
        "evidenceType": "measured-detection",
        "magnitude": 1.07,
        "depthKm": 2.48000001907349,
        "observationUtc": "2026-10-06T03:32:00.480000Z",
        "observation_time": "2026-10-06T03:32:00.480000Z",
        "place": "6 km NW of The Geysers, CA",
        "title": "M 1.1 - 6 km NW of The Geysers, CA",
        "status": "automatic",
        "eventUrl": "https://earthquake.usgs.gov/earthquakes/eventpage/nc75445296",
        "source_url": "https://earthquake.usgs.gov/earthquakes/eventpage/nc75445296",
        "detailUrl": "https://earthquake.usgs.gov/earthquakes/feed/v1.0/detail/nc75445296.geojson",
        "tsunami": false,
        "categories": [
          "Earthquakes"
        ]
      }
    },
    {
      "type": "Feature",
      "id": "aka2026tttbik",
      "geometry": {
        "type": "Point",
        "coordinates": [
          -146.236,
          61.462,
          11.6
        ]
      },
      "properties": {
        "source": "USGS",
        "evidenceType": "measured-detection",
        "magnitude": 2.4,
        "depthKm": 11.6,
        "observationUtc": "2026-10-06T03:29:08.151000Z",
        "observation_time": "2026-10-06T03:29:08.151000Z",
        "place": "37 km N of Valdez, Alaska",
        "title": "M 2.4 - 37 km N of Valdez, Alaska",
        "status": "automatic",
        "eventUrl": "https://earthquake.usgs.gov/earthquakes/eventpage/aka2026tttbik",
        "source_url": "https://earthquake.usgs.gov/earthquakes/eventpage/aka2026tttbik",
        "detailUrl": "https://earthquake.usgs.gov/earthquakes/feed/v1.0/detail/aka2026tttbik.geojson",
        "tsunami": false,
        "categories": [
          "Earthquakes"
        ]
      }
    },
    {
      "type": "Feature",
      "id": "ci41343879",
      "geometry": {
        "type": "Point",
        "coordinates": [
          -116.537,
          33.3493333333333,
          19.11
        ]
      },
      "properties": {
        "source": "USGS",
        "evidenceType": "measured-detection",
        "magnitude": 0.09,
        "depthKm": 19.11,
        "observationUtc": "2026-10-06T03:22:02.090000Z",
        "observation_time": "2026-10-06T03:22:02.090000Z",
        "place": "12 km NE of Warner Springs, CA",
        "title": "M 0.1 - 12 km NE of Warner Springs, CA",
        "status": "automatic",
        "eventUrl": "https://earthquake.usgs.gov/earthquakes/eventpage/ci41343879",
        "source_url": "https://earthquake.usgs.gov/earthquakes/eventpage/ci41343879",
        "detailUrl": "https://earthquake.usgs.gov/earthquakes/feed/v1.0/detail/ci41343879.geojson",
        "tsunami": false,
        "categories": [
          "Earthquakes"
        ]
      }
    },
    {
      "type": "Feature",
      "id": "hv75050492",
      "geometry": {
        "type": "Point",
        "coordinates": [
          -155.605834960938,
          19.4349994659424,
          34.3300018310547
        ]
      },
      "properties": {
        "source": "USGS",
        "evidenceType": "measured-detection",
        "magnitude": 2.21,
        "depthKm": 34.3300018310547,
        "observationUtc": "2026-10-06T03:21:28.430000Z",
        "observation_time": "2026-10-06T03:21:28.430000Z",
        "place": "27 km E of Honaunau-Napoopoo, Hawaii",
        "title": "M 2.2 - 27 km E of Honaunau-Napoopoo, Hawaii",
        "status": "automatic",
        "eventUrl": "https://earthquake.usgs.gov/earthquakes/eventpage/hv75050492",
        "source_url": "https://earthquake.usgs.gov/earthquakes/eventpage/hv75050492",
        "detailUrl": "https://earthquake.usgs.gov/earthquakes/feed/v1.0/detail/hv75050492.geojson",
        "tsunami": false,
        "categories": [
          "Earthquakes"
        ]
      }
    },
    {
      "type": "Feature",
      "id": "aka2026ttsleu",
      "geometry": {
        "type": "Point",
        "coordinates": [
          -142.157,
          60.493,
          18.4
        ]
      },
      "properties": {
        "source": "USGS",
        "evidenceType": "measured-detection",
        "magnitude": 1.3,
        "depthKm": 18.4,
        "observationUtc": "2026-10-06T03:10:31.426000Z",
        "observation_time": "2026-10-06T03:10:31.426000Z",
        "place": "112 km SSE of McCarthy, Alaska",
        "title": "M 1.3 - 112 km SSE of McCarthy, Alaska",
        "status": "automatic",
        "eventUrl": "https://earthquake.usgs.gov/earthquakes/eventpage/aka2026ttsleu",
        "source_url": "https://earthquake.usgs.gov/earthquakes/eventpage/aka2026ttsleu",
        "detailUrl": "https://earthquake.usgs.gov/earthquakes/feed/v1.0/detail/aka2026ttsleu.geojson",
        "tsunami": false,
        "categories": [
          "Earthquakes"
        ]
      }
    },
    {
      "type": "Feature",
      "id": "aka2026ttsjcp",
      "geometry": {
        "type": "Point",
        "coordinates": [
          -156.397,
          58.143,
          0.6
        ]
      },
      "properties": {
        "source": "USGS",
        "evidenceType": "measured-detection",
        "magnitude": 2.2,
        "depthKm": 0.6,
        "observationUtc": "2026-10-06T03:08:07.705000Z",
        "observation_time": "2026-10-06T03:08:07.705000Z",
        "place": "58 km E of Egegik, Alaska",
        "title": "M 2.2 - 58 km E of Egegik, Alaska",
        "status": "automatic",
        "eventUrl": "https://earthquake.usgs.gov/earthquakes/eventpage/aka2026ttsjcp",
        "source_url": "https://earthquake.usgs.gov/earthquakes/eventpage/aka2026ttsjcp",
        "detailUrl": "https://earthquake.usgs.gov/earthquakes/feed/v1.0/detail/aka2026ttsjcp.geojson",
        "tsunami": false,
        "categories": [
          "Earthquakes"
        ]
      }
    },
    {
      "type": "Feature",
      "id": "aka2026ttrzor",
      "geometry": {
        "type": "Point",
        "coordinates": [
          -155.405,
          58.142,
          5
        ]
      },
      "properties": {
        "source": "USGS",
        "evidenceType": "measured-detection",
        "magnitude": 0.6,
        "depthKm": 5,
        "observationUtc": "2026-10-06T02:57:06.990000Z",
        "observation_time": "2026-10-06T02:57:06.990000Z",
        "place": "85 km NW of Karluk, Alaska",
        "title": "M 0.6 - 85 km NW of Karluk, Alaska",
        "status": "automatic",
        "eventUrl": "https://earthquake.usgs.gov/earthquakes/eventpage/aka2026ttrzor",
        "source_url": "https://earthquake.usgs.gov/earthquakes/eventpage/aka2026ttrzor",
        "detailUrl": "https://earthquake.usgs.gov/earthquakes/feed/v1.0/detail/aka2026ttrzor.geojson",
        "tsunami": false,
        "categories": [
          "Earthquakes"
        ]
      }
    },
    {
      "type": "Feature",
      "id": "nc75445291",
      "geometry": {
        "type": "Point",
        "coordinates": [
          -122.770500183105,
          38.8201675415039,
          0.209999993443489
        ]
      },
      "properties": {
        "source": "USGS",
        "evidenceType": "measured-detection",
        "magnitude": 1.06,
        "depthKm": 0.209999993443489,
        "observationUtc": "2026-10-06T02:54:01.730000Z",
        "observation_time": "2026-10-06T02:54:01.730000Z",
        "place": "4 km W of Cobb, CA",
        "title": "M 1.1 - 4 km W of Cobb, CA",
        "status": "automatic",
        "eventUrl": "https://earthquake.usgs.gov/earthquakes/eventpage/nc75445291",
        "source_url": "https://earthquake.usgs.gov/earthquakes/eventpage/nc75445291",
        "detailUrl": "https://earthquake.usgs.gov/earthquakes/feed/v1.0/detail/nc75445291.geojson",
        "tsunami": false,
        "categories": [
          "Earthquakes"
        ]
      }
    },
    {
      "type": "Feature",
      "id": "hv75050477",
      "geometry": {
        "type": "Point",
        "coordinates": [
          -155.301666259766,
          19.1420001983643,
          43.2999992370605
        ]
      },
      "properties": {
        "source": "USGS",
        "evidenceType": "measured-detection",
        "magnitude": 1.83,
        "depthKm": 43.2999992370605,
        "observationUtc": "2026-10-06T02:52:47.910000Z",
        "observation_time": "2026-10-06T02:52:47.910000Z",
        "place": "19 km ESE of Pāhala, Hawaii",
        "title": "M 1.8 - 19 km ESE of Pāhala, Hawaii",
        "status": "automatic",
        "eventUrl": "https://earthquake.usgs.gov/earthquakes/eventpage/hv75050477",
        "source_url": "https://earthquake.usgs.gov/earthquakes/eventpage/hv75050477",
        "detailUrl": "https://earthquake.usgs.gov/earthquakes/feed/v1.0/detail/hv75050477.geojson",
        "tsunami": false,
        "categories": [
          "Earthquakes"
        ]
      }
    },
    {
      "type": "Feature",
      "id": "aka2026ttrqys",
      "geometry": {
        "type": "Point",
        "coordinates": [
          -155.409,
          58.164,
          5
        ]
      },
      "properties": {
        "source": "USGS",
        "evidenceType": "measured-detection",
        "magnitude": 0.8,
        "depthKm": 5,
        "observationUtc": "2026-10-06T02:47:11.207000Z",
        "observation_time": "2026-10-06T02:47:11.207000Z",
        "place": "87 km NW of Karluk, Alaska",
        "title": "M 0.8 - 87 km NW of Karluk, Alaska",
        "status": "automatic",
        "eventUrl": "https://earthquake.usgs.gov/earthquakes/eventpage/aka2026ttrqys",
        "source_url": "https://earthquake.usgs.gov/earthquakes/eventpage/aka2026ttrqys",
        "detailUrl": "https://earthquake.usgs.gov/earthquakes/feed/v1.0/detail/aka2026ttrqys.geojson",
        "tsunami": false,
        "categories": [
          "Earthquakes"
        ]
      }
    },
    {
      "type": "Feature",
      "id": "ci41343871",
      "geometry": {
        "type": "Point",
        "coordinates": [
          -116.949833333333,
          33.9525,
          16.47
        ]
      },
      "properties": {
        "source": "USGS",
        "evidenceType": "measured-detection",
        "magnitude": 0.94,
        "depthKm": 16.47,
        "observationUtc": "2026-10-06T02:44:45.850000Z",
        "observation_time": "2026-10-06T02:44:45.850000Z",
        "place": "4 km NE of Beaumont, CA",
        "title": "M 0.9 - 4 km NE of Beaumont, CA",
        "status": "reviewed",
        "eventUrl": "https://earthquake.usgs.gov/earthquakes/eventpage/ci41343871",
        "source_url": "https://earthquake.usgs.gov/earthquakes/eventpage/ci41343871",
        "detailUrl": "https://earthquake.usgs.gov/earthquakes/feed/v1.0/detail/ci41343871.geojson",
        "tsunami": false,
        "categories": [
          "Earthquakes"
        ]
      }
    },
    {
      "type": "Feature",
      "id": "nc75445286",
      "geometry": {
        "type": "Point",
        "coordinates": [
          -122.798332214355,
          38.8346672058105,
          2.20000004768372
        ]
      },
      "properties": {
        "source": "USGS",
        "evidenceType": "measured-detection",
        "magnitude": 0.74,
        "depthKm": 2.20000004768372,
        "observationUtc": "2026-10-06T02:42:21.230000Z",
        "observation_time": "2026-10-06T02:42:21.230000Z",
        "place": "7 km WNW of Cobb, CA",
        "title": "M 0.7 - 7 km WNW of Cobb, CA",
        "status": "automatic",
        "eventUrl": "https://earthquake.usgs.gov/earthquakes/eventpage/nc75445286",
        "source_url": "https://earthquake.usgs.gov/earthquakes/eventpage/nc75445286",
        "detailUrl": "https://earthquake.usgs.gov/earthquakes/feed/v1.0/detail/nc75445286.geojson",
        "tsunami": false,
        "categories": [
          "Earthquakes"
        ]
      }
    },
    {
      "type": "Feature",
      "id": "aka2026ttrfhu",
      "geometry": {
        "type": "Point",
        "coordinates": [
          -148.605,
          63.856,
          1.6
        ]
      },
      "properties": {
        "source": "USGS",
        "evidenceType": "measured-detection",
        "magnitude": 1.3,
        "depthKm": 1.6,
        "observationUtc": "2026-10-06T02:33:44.896000Z",
        "observation_time": "2026-10-06T02:33:44.896000Z",
        "place": "17 km E of Healy, Alaska",
        "title": "M 1.3 - 17 km E of Healy, Alaska",
        "status": "automatic",
        "eventUrl": "https://earthquake.usgs.gov/earthquakes/eventpage/aka2026ttrfhu",
        "source_url": "https://earthquake.usgs.gov/earthquakes/eventpage/aka2026ttrfhu",
        "detailUrl": "https://earthquake.usgs.gov/earthquakes/feed/v1.0/detail/aka2026ttrfhu.geojson",
        "tsunami": false,
        "categories": [
          "Earthquakes"
        ]
      }
    },
    {
      "type": "Feature",
      "id": "tx2026tqmdsk",
      "geometry": {
        "type": "Point",
        "coordinates": [
          -101.922,
          31.878,
          7.1533
        ]
      },
      "properties": {
        "source": "USGS",
        "evidenceType": "measured-detection",
        "magnitude": 0.8,
        "depthKm": 7.1533,
        "observationUtc": "2026-10-06T02:09:09.172000Z",
        "observation_time": "2026-10-06T02:09:09.172000Z",
        "place": "19 km SE of Midland, Texas",
        "title": "M 0.8 - 19 km SE of Midland, Texas",
        "status": "reviewed",
        "eventUrl": "https://earthquake.usgs.gov/earthquakes/eventpage/tx2026tqmdsk",
        "source_url": "https://earthquake.usgs.gov/earthquakes/eventpage/tx2026tqmdsk",
        "detailUrl": "https://earthquake.usgs.gov/earthquakes/feed/v1.0/detail/tx2026tqmdsk.geojson",
        "tsunami": false,
        "categories": [
          "Earthquakes"
        ]
      }
    },
    {
      "type": "Feature",
      "id": "uw714116641",
      "geometry": {
        "type": "Point",
        "coordinates": [
          -122.054833333333,
          46.7393333333333,
          7.14
        ]
      },
      "properties": {
        "source": "USGS",
        "evidenceType": "measured-detection",
        "magnitude": 2.43,
        "depthKm": 7.14,
        "observationUtc": "2026-10-06T02:02:09.180000Z",
        "observation_time": "2026-10-06T02:02:09.180000Z",
        "place": "2 km SW of Ashford, Washington",
        "title": "M 2.4 - 2 km SW of Ashford, Washington",
        "status": "reviewed",
        "eventUrl": "https://earthquake.usgs.gov/earthquakes/eventpage/uw714116641",
        "source_url": "https://earthquake.usgs.gov/earthquakes/eventpage/uw714116641",
        "detailUrl": "https://earthquake.usgs.gov/earthquakes/feed/v1.0/detail/uw714116641.geojson",
        "tsunami": false,
        "categories": [
          "Earthquakes"
        ]
      }
    },
    {
      "type": "Feature",
      "id": "us6000tzu2",
      "geometry": {
        "type": "Point",
        "coordinates": [
          142.3552,
          41.9416,
          70.998
        ]
      },
      "properties": {
        "source": "USGS",
        "evidenceType": "measured-detection",
        "magnitude": 4.3,
        "depthKm": 70.998,
        "observationUtc": "2026-10-06T01:48:23.727000Z",
        "observation_time": "2026-10-06T01:48:23.727000Z",
        "place": "42 km SW of Urakawa, Japan",
        "title": "M 4.3 - 42 km SW of Urakawa, Japan",
        "status": "reviewed",
        "eventUrl": "https://earthquake.usgs.gov/earthquakes/eventpage/us6000tzu2",
        "source_url": "https://earthquake.usgs.gov/earthquakes/eventpage/us6000tzu2",
        "detailUrl": "https://earthquake.usgs.gov/earthquakes/feed/v1.0/detail/us6000tzu2.geojson",
        "tsunami": false,
        "categories": [
          "Earthquakes"
        ]
      }
    },
    {
      "type": "Feature",
      "id": "ok2026tobc",
      "geometry": {
        "type": "Point",
        "coordinates": [
          -96.745,
          35.542,
          6.84
        ]
      },
      "properties": {
        "source": "USGS",
        "evidenceType": "measured-detection",
        "magnitude": 1.54,
        "depthKm": 6.84,
        "observationUtc": "2026-10-06T01:38:41.960000Z",
        "observation_time": "2026-10-06T01:38:41.960000Z",
        "place": "8 km NW of Prague, Oklahoma",
        "title": "M 1.5 - 8 km NW of Prague, Oklahoma",
        "status": "reviewed",
        "eventUrl": "https://earthquake.usgs.gov/earthquakes/eventpage/ok2026tobc",
        "source_url": "https://earthquake.usgs.gov/earthquakes/eventpage/ok2026tobc",
        "detailUrl": "https://earthquake.usgs.gov/earthquakes/feed/v1.0/detail/ok2026tobc.geojson",
        "tsunami": false,
        "categories": [
          "Earthquakes"
        ]
      }
    },
    {
      "type": "Feature",
      "id": "ci41343855",
      "geometry": {
        "type": "Point",
        "coordinates": [
          -115.482,
          32.8158333333333,
          3.57
        ]
      },
      "properties": {
        "source": "USGS",
        "evidenceType": "measured-detection",
        "magnitude": 1.41,
        "depthKm": 3.57,
        "observationUtc": "2026-10-06T01:36:42.050000Z",
        "observation_time": "2026-10-06T01:36:42.050000Z",
        "place": "8 km ENE of El Centro, CA",
        "title": "M 1.4 - 8 km ENE of El Centro, CA",
        "status": "automatic",
        "eventUrl": "https://earthquake.usgs.gov/earthquakes/eventpage/ci41343855",
        "source_url": "https://earthquake.usgs.gov/earthquakes/eventpage/ci41343855",
        "detailUrl": "https://earthquake.usgs.gov/earthquakes/feed/v1.0/detail/ci41343855.geojson",
        "tsunami": false,
        "categories": [
          "Earthquakes"
        ]
      }
    },
    {
      "type": "Feature",
      "id": "uu80158641",
      "geometry": {
        "type": "Point",
        "coordinates": [
          -112.891,
          37.0923333333333,
          15.35
        ]
      },
      "properties": {
        "source": "USGS",
        "evidenceType": "measured-detection",
        "magnitude": 1.91,
        "depthKm": 15.35,
        "observationUtc": "2026-10-06T01:27:19.060000Z",
        "observation_time": "2026-10-06T01:27:19.060000Z",
        "place": "11 km NE of Hildale, Utah",
        "title": "M 1.9 - 11 km NE of Hildale, Utah",
        "status": "reviewed",
        "eventUrl": "https://earthquake.usgs.gov/earthquakes/eventpage/uu80158641",
        "source_url": "https://earthquake.usgs.gov/earthquakes/eventpage/uu80158641",
        "detailUrl": "https://earthquake.usgs.gov/earthquakes/feed/v1.0/detail/uu80158641.geojson",
        "tsunami": false,
        "categories": [
          "Earthquakes"
        ]
      }
    },
    {
      "type": "Feature",
      "id": "ok2026toas",
      "geometry": {
        "type": "Point",
        "coordinates": [
          -96.74633333,
          35.54233333,
          7
        ]
      },
      "properties": {
        "source": "USGS",
        "evidenceType": "measured-detection",
        "magnitude": 1.72,
        "depthKm": 7,
        "observationUtc": "2026-10-06T01:26:23.309000Z",
        "observation_time": "2026-10-06T01:26:23.309000Z",
        "place": "8 km NW of Prague, Oklahoma",
        "title": "M 1.7 - 8 km NW of Prague, Oklahoma",
        "status": "reviewed",
        "eventUrl": "https://earthquake.usgs.gov/earthquakes/eventpage/ok2026toas",
        "source_url": "https://earthquake.usgs.gov/earthquakes/eventpage/ok2026toas",
        "detailUrl": "https://earthquake.usgs.gov/earthquakes/feed/v1.0/detail/ok2026toas.geojson",
        "tsunami": false,
        "categories": [
          "Earthquakes"
        ]
      }
    },
    {
      "type": "Feature",
      "id": "aka2026ttnoiv",
      "geometry": {
        "type": "Point",
        "coordinates": [
          -153.149,
          60.005,
          5.4
        ]
      },
      "properties": {
        "source": "USGS",
        "evidenceType": "measured-detection",
        "magnitude": 0.4,
        "depthKm": 5.4,
        "observationUtc": "2026-10-06T00:44:12.981000Z",
        "observation_time": "2026-10-06T00:44:12.981000Z",
        "place": "58 km ENE of Pedro Bay, Alaska",
        "title": "M 0.4 - 58 km ENE of Pedro Bay, Alaska",
        "status": "automatic",
        "eventUrl": "https://earthquake.usgs.gov/earthquakes/eventpage/aka2026ttnoiv",
        "source_url": "https://earthquake.usgs.gov/earthquakes/eventpage/aka2026ttnoiv",
        "detailUrl": "https://earthquake.usgs.gov/earthquakes/feed/v1.0/detail/aka2026ttnoiv.geojson",
        "tsunami": false,
        "categories": [
          "Earthquakes"
        ]
      }
    },
    {
      "type": "Feature",
      "id": "us6000tztx",
      "geometry": {
        "type": "Point",
        "coordinates": [
          -69.2254,
          -19.8042,
          105.483
        ]
      },
      "properties": {
        "source": "USGS",
        "evidenceType": "measured-detection",
        "magnitude": 4.4,
        "depthKm": 105.483,
        "observationUtc": "2026-10-06T00:41:28.380000Z",
        "observation_time": "2026-10-06T00:41:28.380000Z",
        "place": "58 km SSE of Camiña, Chile",
        "title": "M 4.4 - 58 km SSE of Camiña, Chile",
        "status": "reviewed",
        "eventUrl": "https://earthquake.usgs.gov/earthquakes/eventpage/us6000tztx",
        "source_url": "https://earthquake.usgs.gov/earthquakes/eventpage/us6000tztx",
        "detailUrl": "https://earthquake.usgs.gov/earthquakes/feed/v1.0/detail/us6000tztx.geojson",
        "tsunami": false,
        "categories": [
          "Earthquakes"
        ]
      }
    },
    {
      "type": "Feature",
      "id": "ci41343847",
      "geometry": {
        "type": "Point",
        "coordinates": [
          -116.757666666667,
          33.587,
          12.5
        ]
      },
      "properties": {
        "source": "USGS",
        "evidenceType": "measured-detection",
        "magnitude": 0.5,
        "depthKm": 12.5,
        "observationUtc": "2026-10-06T00:25:39.200000Z",
        "observation_time": "2026-10-06T00:25:39.200000Z",
        "place": "9 km WNW of Anza, CA",
        "title": "M 0.5 - 9 km WNW of Anza, CA",
        "status": "automatic",
        "eventUrl": "https://earthquake.usgs.gov/earthquakes/eventpage/ci41343847",
        "source_url": "https://earthquake.usgs.gov/earthquakes/eventpage/ci41343847",
        "detailUrl": "https://earthquake.usgs.gov/earthquakes/feed/v1.0/detail/ci41343847.geojson",
        "tsunami": false,
        "categories": [
          "Earthquakes"
        ]
      }
    },
    {
      "type": "Feature",
      "id": "tx2026tqiker",
      "geometry": {
        "type": "Point",
        "coordinates": [
          -104.534,
          31.711,
          2.6648
        ]
      },
      "properties": {
        "source": "USGS",
        "evidenceType": "measured-detection",
        "magnitude": 1.5,
        "depthKm": 2.6648,
        "observationUtc": "2026-10-06T00:17:29.011000Z",
        "observation_time": "2026-10-06T00:17:29.011000Z",
        "place": "53 km SSW of Whites City, New Mexico",
        "title": "M 1.5 - 53 km SSW of Whites City, New Mexico",
        "status": "reviewed",
        "eventUrl": "https://earthquake.usgs.gov/earthquakes/eventpage/tx2026tqiker",
        "source_url": "https://earthquake.usgs.gov/earthquakes/eventpage/tx2026tqiker",
        "detailUrl": "https://earthquake.usgs.gov/earthquakes/feed/v1.0/detail/tx2026tqiker.geojson",
        "tsunami": false,
        "categories": [
          "Earthquakes"
        ]
      }
    },
    {
      "type": "Feature",
      "id": "tx2026tqiifl",
      "geometry": {
        "type": "Point",
        "coordinates": [
          -101.922,
          32.105,
          8.8135
        ]
      },
      "properties": {
        "source": "USGS",
        "evidenceType": "measured-detection",
        "magnitude": 0.9,
        "depthKm": 8.8135,
        "observationUtc": "2026-10-06T00:13:24.521000Z",
        "observation_time": "2026-10-06T00:13:24.521000Z",
        "place": "12 km WSW of Stanton, Texas",
        "title": "M 0.9 - 12 km WSW of Stanton, Texas",
        "status": "reviewed",
        "eventUrl": "https://earthquake.usgs.gov/earthquakes/eventpage/tx2026tqiifl",
        "source_url": "https://earthquake.usgs.gov/earthquakes/eventpage/tx2026tqiifl",
        "detailUrl": "https://earthquake.usgs.gov/earthquakes/feed/v1.0/detail/tx2026tqiifl.geojson",
        "tsunami": false,
        "categories": [
          "Earthquakes"
        ]
      }
    },
    {
      "type": "Feature",
      "id": "ci41343831",
      "geometry": {
        "type": "Point",
        "coordinates": [
          -119.1105,
          35.0646666666667,
          6.78
        ]
      },
      "properties": {
        "source": "USGS",
        "evidenceType": "measured-detection",
        "magnitude": 1.77,
        "depthKm": 6.78,
        "observationUtc": "2026-10-05T23:58:31.870000Z",
        "observation_time": "2026-10-05T23:58:31.870000Z",
        "place": "21 km NW of Grapevine, CA",
        "title": "M 1.8 - 21 km NW of Grapevine, CA",
        "status": "automatic",
        "eventUrl": "https://earthquake.usgs.gov/earthquakes/eventpage/ci41343831",
        "source_url": "https://earthquake.usgs.gov/earthquakes/eventpage/ci41343831",
        "detailUrl": "https://earthquake.usgs.gov/earthquakes/feed/v1.0/detail/ci41343831.geojson",
        "tsunami": false,
        "categories": [
          "Earthquakes"
        ]
      }
    },
    {
      "type": "Feature",
      "id": "nc75445241",
      "geometry": {
        "type": "Point",
        "coordinates": [
          -121.56950378418,
          37.1640014648438,
          3.49000000953674
        ]
      },
      "properties": {
        "source": "USGS",
        "evidenceType": "measured-detection",
        "magnitude": 2.2,
        "depthKm": 3.49000000953674,
        "observationUtc": "2026-10-05T23:53:54.960000Z",
        "observation_time": "2026-10-05T23:53:54.960000Z",
        "place": "8 km ENE of Morgan Hill, CA",
        "title": "M 2.2 - 8 km ENE of Morgan Hill, CA",
        "status": "automatic",
        "eventUrl": "https://earthquake.usgs.gov/earthquakes/eventpage/nc75445241",
        "source_url": "https://earthquake.usgs.gov/earthquakes/eventpage/nc75445241",
        "detailUrl": "https://earthquake.usgs.gov/earthquakes/feed/v1.0/detail/nc75445241.geojson",
        "tsunami": false,
        "categories": [
          "Earthquakes"
        ]
      }
    },
    {
      "type": "Feature",
      "id": "av94461731",
      "geometry": {
        "type": "Point",
        "coordinates": [
          -167.051166666667,
          53.704,
          13.79
        ]
      },
      "properties": {
        "source": "USGS",
        "evidenceType": "measured-detection",
        "magnitude": 1.34,
        "depthKm": 13.79,
        "observationUtc": "2026-10-05T23:42:09.960000Z",
        "observation_time": "2026-10-05T23:42:09.960000Z",
        "place": "38 km WSW of Unalaska, Alaska",
        "title": "M 1.3 - 38 km WSW of Unalaska, Alaska",
        "status": "reviewed",
        "eventUrl": "https://earthquake.usgs.gov/earthquakes/eventpage/av94461731",
        "source_url": "https://earthquake.usgs.gov/earthquakes/eventpage/av94461731",
        "detailUrl": "https://earthquake.usgs.gov/earthquakes/feed/v1.0/detail/av94461731.geojson",
        "tsunami": false,
        "categories": [
          "Earthquakes"
        ]
      }
    },
    {
      "type": "Feature",
      "id": "uu80158636",
      "geometry": {
        "type": "Point",
        "coordinates": [
          -111.8135,
          39.3766666666667,
          -1.96
        ]
      },
      "properties": {
        "source": "USGS",
        "evidenceType": "measured-detection",
        "magnitude": 1.23,
        "depthKm": -1.96,
        "observationUtc": "2026-10-05T23:39:23.140000Z",
        "observation_time": "2026-10-05T23:39:23.140000Z",
        "place": "17 km NNE of Fayette, Utah",
        "title": "M 1.2 - 17 km NNE of Fayette, Utah",
        "status": "reviewed",
        "eventUrl": "https://earthquake.usgs.gov/earthquakes/eventpage/uu80158636",
        "source_url": "https://earthquake.usgs.gov/earthquakes/eventpage/uu80158636",
        "detailUrl": "https://earthquake.usgs.gov/earthquakes/feed/v1.0/detail/uu80158636.geojson",
        "tsunami": false,
        "categories": [
          "Earthquakes"
        ]
      }
    },
    {
      "type": "Feature",
      "id": "aka2026ttlabs",
      "geometry": {
        "type": "Point",
        "coordinates": [
          -149.297,
          60.319,
          15
        ]
      },
      "properties": {
        "source": "USGS",
        "evidenceType": "measured-detection",
        "magnitude": 2.1,
        "depthKm": 15,
        "observationUtc": "2026-10-05T23:27:53.082000Z",
        "observation_time": "2026-10-05T23:27:53.082000Z",
        "place": "3 km SE of Primrose, Alaska",
        "title": "M 2.1 - 3 km SE of Primrose, Alaska",
        "status": "automatic",
        "eventUrl": "https://earthquake.usgs.gov/earthquakes/eventpage/aka2026ttlabs",
        "source_url": "https://earthquake.usgs.gov/earthquakes/eventpage/aka2026ttlabs",
        "detailUrl": "https://earthquake.usgs.gov/earthquakes/feed/v1.0/detail/aka2026ttlabs.geojson",
        "tsunami": false,
        "categories": [
          "Earthquakes"
        ]
      }
    },
    {
      "type": "Feature",
      "id": "us6000tzth",
      "geometry": {
        "type": "Point",
        "coordinates": [
          92.8359,
          26.3539,
          10
        ]
      },
      "properties": {
        "source": "USGS",
        "evidenceType": "measured-detection",
        "magnitude": 4.6,
        "depthKm": 10,
        "observationUtc": "2026-10-05T22:53:42.181000Z",
        "observation_time": "2026-10-05T22:53:42.181000Z",
        "place": "31 km S of Tezpur, India",
        "title": "M 4.6 - 31 km S of Tezpur, India",
        "status": "reviewed",
        "eventUrl": "https://earthquake.usgs.gov/earthquakes/eventpage/us6000tzth",
        "source_url": "https://earthquake.usgs.gov/earthquakes/eventpage/us6000tzth",
        "detailUrl": "https://earthquake.usgs.gov/earthquakes/feed/v1.0/detail/us6000tzth.geojson",
        "tsunami": false,
        "categories": [
          "Earthquakes"
        ]
      }
    },
    {
      "type": "Feature",
      "id": "uw714116571",
      "geometry": {
        "type": "Point",
        "coordinates": [
          -122.183833333333,
          49.1586666666667,
          -0.68
        ]
      },
      "properties": {
        "source": "USGS",
        "evidenceType": "measured-detection",
        "magnitude": 1.02,
        "depthKm": -0.68,
        "observationUtc": "2026-10-05T22:52:56.700000Z",
        "observation_time": "2026-10-05T22:52:56.700000Z",
        "place": "9 km ENE of Mission, Canada",
        "title": "M 1.0 Explosion - 9 km ENE of Mission, Canada",
        "status": "reviewed",
        "eventUrl": "https://earthquake.usgs.gov/earthquakes/eventpage/uw714116571",
        "source_url": "https://earthquake.usgs.gov/earthquakes/eventpage/uw714116571",
        "detailUrl": "https://earthquake.usgs.gov/earthquakes/feed/v1.0/detail/uw714116571.geojson",
        "tsunami": false,
        "categories": [
          "Earthquakes"
        ]
      }
    },
    {
      "type": "Feature",
      "id": "us6000tztg",
      "geometry": {
        "type": "Point",
        "coordinates": [
          154.2682,
          -5.7949,
          142.487
        ]
      },
      "properties": {
        "source": "USGS",
        "evidenceType": "measured-detection",
        "magnitude": 4.8,
        "depthKm": 142.487,
        "observationUtc": "2026-10-05T22:48:53.669000Z",
        "observation_time": "2026-10-05T22:48:53.669000Z",
        "place": "146 km WNW of Panguna, Papua New Guinea",
        "title": "M 4.8 - 146 km WNW of Panguna, Papua New Guinea",
        "status": "reviewed",
        "eventUrl": "https://earthquake.usgs.gov/earthquakes/eventpage/us6000tztg",
        "source_url": "https://earthquake.usgs.gov/earthquakes/eventpage/us6000tztg",
        "detailUrl": "https://earthquake.usgs.gov/earthquakes/feed/v1.0/detail/us6000tztg.geojson",
        "tsunami": false,
        "categories": [
          "Earthquakes"
        ]
      }
    },
    {
      "type": "Feature",
      "id": "tx2026tqezhs",
      "geometry": {
        "type": "Point",
        "coordinates": [
          -102.169,
          32.116,
          6.665
        ]
      },
      "properties": {
        "source": "USGS",
        "evidenceType": "measured-detection",
        "magnitude": 1.3,
        "depthKm": 6.665,
        "observationUtc": "2026-10-05T22:32:55.767000Z",
        "observation_time": "2026-10-05T22:32:55.767000Z",
        "place": "15 km NNW of Midland, Texas",
        "title": "M 1.3 - 15 km NNW of Midland, Texas",
        "status": "reviewed",
        "eventUrl": "https://earthquake.usgs.gov/earthquakes/eventpage/tx2026tqezhs",
        "source_url": "https://earthquake.usgs.gov/earthquakes/eventpage/tx2026tqezhs",
        "detailUrl": "https://earthquake.usgs.gov/earthquakes/feed/v1.0/detail/tx2026tqezhs.geojson",
        "tsunami": false,
        "categories": [
          "Earthquakes"
        ]
      }
    },
    {
      "type": "Feature",
      "id": "pr71535858",
      "geometry": {
        "type": "Point",
        "coordinates": [
          -66.4236666666667,
          18.2586666666667,
          39.28
        ]
      },
      "properties": {
        "source": "USGS",
        "evidenceType": "measured-detection",
        "magnitude": 2.11,
        "depthKm": 39.28,
        "observationUtc": "2026-10-05T22:28:05.210000Z",
        "observation_time": "2026-10-05T22:28:05.210000Z",
        "place": "4 km NW of Orocovis, Puerto Rico",
        "title": "M 2.1 - 4 km NW of Orocovis, Puerto Rico",
        "status": "reviewed",
        "eventUrl": "https://earthquake.usgs.gov/earthquakes/eventpage/pr71535858",
        "source_url": "https://earthquake.usgs.gov/earthquakes/eventpage/pr71535858",
        "detailUrl": "https://earthquake.usgs.gov/earthquakes/feed/v1.0/detail/pr71535858.geojson",
        "tsunami": false,
        "categories": [
          "Earthquakes"
        ]
      }
    },
    {
      "type": "Feature",
      "id": "av94461696",
      "geometry": {
        "type": "Point",
        "coordinates": [
          -152.2485,
          61.1745,
          6.82
        ]
      },
      "properties": {
        "source": "USGS",
        "evidenceType": "measured-detection",
        "magnitude": -0.49,
        "depthKm": 6.82,
        "observationUtc": "2026-10-05T22:17:36.700000Z",
        "observation_time": "2026-10-05T22:17:36.700000Z",
        "place": "61 km W of Tyonek, Alaska",
        "title": "M -0.5 - 61 km W of Tyonek, Alaska",
        "status": "reviewed",
        "eventUrl": "https://earthquake.usgs.gov/earthquakes/eventpage/av94461696",
        "source_url": "https://earthquake.usgs.gov/earthquakes/eventpage/av94461696",
        "detailUrl": "https://earthquake.usgs.gov/earthquakes/feed/v1.0/detail/av94461696.geojson",
        "tsunami": false,
        "categories": [
          "Earthquakes"
        ]
      }
    },
    {
      "type": "Feature",
      "id": "aka2026ttiodu",
      "geometry": {
        "type": "Point",
        "coordinates": [
          -149.888,
          62.269,
          18.1
        ]
      },
      "properties": {
        "source": "USGS",
        "evidenceType": "measured-detection",
        "magnitude": 1.4,
        "depthKm": 18.1,
        "observationUtc": "2026-10-05T22:14:04.652000Z",
        "observation_time": "2026-10-05T22:14:04.652000Z",
        "place": "12 km N of Susitna North, Alaska",
        "title": "M 1.4 - 12 km N of Susitna North, Alaska",
        "status": "automatic",
        "eventUrl": "https://earthquake.usgs.gov/earthquakes/eventpage/aka2026ttiodu",
        "source_url": "https://earthquake.usgs.gov/earthquakes/eventpage/aka2026ttiodu",
        "detailUrl": "https://earthquake.usgs.gov/earthquakes/feed/v1.0/detail/aka2026ttiodu.geojson",
        "tsunami": false,
        "categories": [
          "Earthquakes"
        ]
      }
    },
    {
      "type": "Feature",
      "id": "ci41343799",
      "geometry": {
        "type": "Point",
        "coordinates": [
          -117.934833333333,
          33.2683333333333,
          10.82
        ]
      },
      "properties": {
        "source": "USGS",
        "evidenceType": "measured-detection",
        "magnitude": 2.51,
        "depthKm": 10.82,
        "observationUtc": "2026-10-05T22:06:16.160000Z",
        "observation_time": "2026-10-05T22:06:16.160000Z",
        "place": "31 km SW of Dana Point, CA",
        "title": "M 2.5 - 31 km SW of Dana Point, CA",
        "status": "reviewed",
        "eventUrl": "https://earthquake.usgs.gov/earthquakes/eventpage/ci41343799",
        "source_url": "https://earthquake.usgs.gov/earthquakes/eventpage/ci41343799",
        "detailUrl": "https://earthquake.usgs.gov/earthquakes/feed/v1.0/detail/ci41343799.geojson",
        "tsunami": false,
        "categories": [
          "Earthquakes"
        ]
      }
    },
    {
      "type": "Feature",
      "id": "aka2026ttifsn",
      "geometry": {
        "type": "Point",
        "coordinates": [
          -155.355,
          58.167,
          5
        ]
      },
      "properties": {
        "source": "USGS",
        "evidenceType": "measured-detection",
        "magnitude": 0.6,
        "depthKm": 5,
        "observationUtc": "2026-10-05T22:04:20.938000Z",
        "observation_time": "2026-10-05T22:04:20.938000Z",
        "place": "85 km NW of Karluk, Alaska",
        "title": "M 0.6 - 85 km NW of Karluk, Alaska",
        "status": "automatic",
        "eventUrl": "https://earthquake.usgs.gov/earthquakes/eventpage/aka2026ttifsn",
        "source_url": "https://earthquake.usgs.gov/earthquakes/eventpage/aka2026ttifsn",
        "detailUrl": "https://earthquake.usgs.gov/earthquakes/feed/v1.0/detail/aka2026ttifsn.geojson",
        "tsunami": false,
        "categories": [
          "Earthquakes"
        ]
      }
    },
    {
      "type": "Feature",
      "id": "av94461686",
      "geometry": {
        "type": "Point",
        "coordinates": [
          -152.2925,
          61.196,
          4.02
        ]
      },
      "properties": {
        "source": "USGS",
        "evidenceType": "measured-detection",
        "magnitude": -0.57,
        "depthKm": 4.02,
        "observationUtc": "2026-10-05T21:51:31.050000Z",
        "observation_time": "2026-10-05T21:51:31.050000Z",
        "place": "63 km WNW of Tyonek, Alaska",
        "title": "M -0.6 - 63 km WNW of Tyonek, Alaska",
        "status": "reviewed",
        "eventUrl": "https://earthquake.usgs.gov/earthquakes/eventpage/av94461686",
        "source_url": "https://earthquake.usgs.gov/earthquakes/eventpage/av94461686",
        "detailUrl": "https://earthquake.usgs.gov/earthquakes/feed/v1.0/detail/av94461686.geojson",
        "tsunami": false,
        "categories": [
          "Earthquakes"
        ]
      }
    },
    {
      "type": "Feature",
      "id": "uw714116541",
      "geometry": {
        "type": "Point",
        "coordinates": [
          -122.977166666667,
          47.5978333333333,
          18.81
        ]
      },
      "properties": {
        "source": "USGS",
        "evidenceType": "measured-detection",
        "magnitude": 0.61,
        "depthKm": 18.81,
        "observationUtc": "2026-10-05T21:44:37.290000Z",
        "observation_time": "2026-10-05T21:44:37.290000Z",
        "place": "10 km SSW of Brinnon, Washington",
        "title": "M 0.6 - 10 km SSW of Brinnon, Washington",
        "status": "reviewed",
        "eventUrl": "https://earthquake.usgs.gov/earthquakes/eventpage/uw714116541",
        "source_url": "https://earthquake.usgs.gov/earthquakes/eventpage/uw714116541",
        "detailUrl": "https://earthquake.usgs.gov/earthquakes/feed/v1.0/detail/uw714116541.geojson",
        "tsunami": false,
        "categories": [
          "Earthquakes"
        ]
      }
    },
    {
      "type": "Feature",
      "id": "aka2026tthnbf",
      "geometry": {
        "type": "Point",
        "coordinates": [
          -150.587,
          61.85,
          55.5
        ]
      },
      "properties": {
        "source": "USGS",
        "evidenceType": "measured-detection",
        "magnitude": 1.9,
        "depthKm": 55.5,
        "observationUtc": "2026-10-05T21:42:49.850000Z",
        "observation_time": "2026-10-05T21:42:49.850000Z",
        "place": "31 km WNW of Willow, Alaska",
        "title": "M 1.9 - 31 km WNW of Willow, Alaska",
        "status": "automatic",
        "eventUrl": "https://earthquake.usgs.gov/earthquakes/eventpage/aka2026tthnbf",
        "source_url": "https://earthquake.usgs.gov/earthquakes/eventpage/aka2026tthnbf",
        "detailUrl": "https://earthquake.usgs.gov/earthquakes/feed/v1.0/detail/aka2026tthnbf.geojson",
        "tsunami": false,
        "categories": [
          "Earthquakes"
        ]
      }
    },
    {
      "type": "Feature",
      "id": "aka2026tthjua",
      "geometry": {
        "type": "Point",
        "coordinates": [
          -151.308,
          60.988,
          65.4
        ]
      },
      "properties": {
        "source": "USGS",
        "evidenceType": "measured-detection",
        "magnitude": 1.5,
        "depthKm": 65.4,
        "observationUtc": "2026-10-05T21:40:18.606000Z",
        "observation_time": "2026-10-05T21:40:18.606000Z",
        "place": "12 km SW of Tyonek, Alaska",
        "title": "M 1.5 - 12 km SW of Tyonek, Alaska",
        "status": "automatic",
        "eventUrl": "https://earthquake.usgs.gov/earthquakes/eventpage/aka2026tthjua",
        "source_url": "https://earthquake.usgs.gov/earthquakes/eventpage/aka2026tthjua",
        "detailUrl": "https://earthquake.usgs.gov/earthquakes/feed/v1.0/detail/aka2026tthjua.geojson",
        "tsunami": false,
        "categories": [
          "Earthquakes"
        ]
      }
    },
    {
      "type": "Feature",
      "id": "us6000tzsr",
      "geometry": {
        "type": "Point",
        "coordinates": [
          71.3436,
          36.7206,
          203.432
        ]
      },
      "properties": {
        "source": "USGS",
        "evidenceType": "measured-detection",
        "magnitude": 4.3,
        "depthKm": 203.432,
        "observationUtc": "2026-10-05T21:38:33.955000Z",
        "observation_time": "2026-10-05T21:38:33.955000Z",
        "place": "17 km WNW of Ashkāsham, Afghanistan",
        "title": "M 4.3 - 17 km WNW of Ashkāsham, Afghanistan",
        "status": "reviewed",
        "eventUrl": "https://earthquake.usgs.gov/earthquakes/eventpage/us6000tzsr",
        "source_url": "https://earthquake.usgs.gov/earthquakes/eventpage/us6000tzsr",
        "detailUrl": "https://earthquake.usgs.gov/earthquakes/feed/v1.0/detail/us6000tzsr.geojson",
        "tsunami": false,
        "categories": [
          "Earthquakes"
        ]
      }
    },
    {
      "type": "Feature",
      "id": "us6000tzss",
      "geometry": {
        "type": "Point",
        "coordinates": [
          118.9729,
          -9.6687,
          35
        ]
      },
      "properties": {
        "source": "USGS",
        "evidenceType": "measured-detection",
        "magnitude": 4.5,
        "depthKm": 35,
        "observationUtc": "2026-10-05T21:38:05.713000Z",
        "observation_time": "2026-10-05T21:38:05.713000Z",
        "place": "39 km SW of Tambolaka, Indonesia",
        "title": "M 4.5 - 39 km SW of Tambolaka, Indonesia",
        "status": "reviewed",
        "eventUrl": "https://earthquake.usgs.gov/earthquakes/eventpage/us6000tzss",
        "source_url": "https://earthquake.usgs.gov/earthquakes/eventpage/us6000tzss",
        "detailUrl": "https://earthquake.usgs.gov/earthquakes/feed/v1.0/detail/us6000tzss.geojson",
        "tsunami": false,
        "categories": [
          "Earthquakes"
        ]
      }
    },
    {
      "type": "Feature",
      "id": "uw714116511",
      "geometry": {
        "type": "Point",
        "coordinates": [
          -121.940333333333,
          48.0905,
          -0.44
        ]
      },
      "properties": {
        "source": "USGS",
        "evidenceType": "measured-detection",
        "magnitude": 0.96,
        "depthKm": -0.44,
        "observationUtc": "2026-10-05T21:30:16.420000Z",
        "observation_time": "2026-10-05T21:30:16.420000Z",
        "place": "2 km ENE of Granite Falls, Washington",
        "title": "M 1.0 Explosion - 2 km ENE of Granite Falls, Washington",
        "status": "reviewed",
        "eventUrl": "https://earthquake.usgs.gov/earthquakes/eventpage/uw714116511",
        "source_url": "https://earthquake.usgs.gov/earthquakes/eventpage/uw714116511",
        "detailUrl": "https://earthquake.usgs.gov/earthquakes/feed/v1.0/detail/uw714116511.geojson",
        "tsunami": false,
        "categories": [
          "Earthquakes"
        ]
      }
    },
    {
      "type": "Feature",
      "id": "nn00925326",
      "geometry": {
        "type": "Point",
        "coordinates": [
          -117.0384,
          38.7119,
          0.0023
        ]
      },
      "properties": {
        "source": "USGS",
        "evidenceType": "measured-detection",
        "magnitude": 1.85,
        "depthKm": 0.0023,
        "observationUtc": "2026-10-05T21:24:35.064000Z",
        "observation_time": "2026-10-05T21:24:35.064000Z",
        "place": "55 km S of Kingston, Nevada",
        "title": "M 1.9 Explosion - 55 km S of Kingston, Nevada",
        "status": "reviewed",
        "eventUrl": "https://earthquake.usgs.gov/earthquakes/eventpage/nn00925326",
        "source_url": "https://earthquake.usgs.gov/earthquakes/eventpage/nn00925326",
        "detailUrl": "https://earthquake.usgs.gov/earthquakes/feed/v1.0/detail/nn00925326.geojson",
        "tsunami": false,
        "categories": [
          "Earthquakes"
        ]
      }
    },
    {
      "type": "Feature",
      "id": "uw714116491",
      "geometry": {
        "type": "Point",
        "coordinates": [
          -123.1835,
          47.3901666666667,
          14.17
        ]
      },
      "properties": {
        "source": "USGS",
        "evidenceType": "measured-detection",
        "magnitude": 1.67,
        "depthKm": 14.17,
        "observationUtc": "2026-10-05T21:07:10.330000Z",
        "observation_time": "2026-10-05T21:07:10.330000Z",
        "place": "3 km WSW of Hoodsport, Washington",
        "title": "M 1.7 - 3 km WSW of Hoodsport, Washington",
        "status": "reviewed",
        "eventUrl": "https://earthquake.usgs.gov/earthquakes/eventpage/uw714116491",
        "source_url": "https://earthquake.usgs.gov/earthquakes/eventpage/uw714116491",
        "detailUrl": "https://earthquake.usgs.gov/earthquakes/feed/v1.0/detail/uw714116491.geojson",
        "tsunami": false,
        "categories": [
          "Earthquakes"
        ]
      }
    },
    {
      "type": "Feature",
      "id": "ci41343791",
      "geometry": {
        "type": "Point",
        "coordinates": [
          -118.518666666667,
          34.7061666666667,
          10.55
        ]
      },
      "properties": {
        "source": "USGS",
        "evidenceType": "measured-detection",
        "magnitude": 1.41,
        "depthKm": 10.55,
        "observationUtc": "2026-10-05T21:05:49.380000Z",
        "observation_time": "2026-10-05T21:05:49.380000Z",
        "place": "7 km WNW of Lake Hughes, CA",
        "title": "M 1.4 - 7 km WNW of Lake Hughes, CA",
        "status": "reviewed",
        "eventUrl": "https://earthquake.usgs.gov/earthquakes/eventpage/ci41343791",
        "source_url": "https://earthquake.usgs.gov/earthquakes/eventpage/ci41343791",
        "detailUrl": "https://earthquake.usgs.gov/earthquakes/feed/v1.0/detail/ci41343791.geojson",
        "tsunami": false,
        "categories": [
          "Earthquakes"
        ]
      }
    },
    {
      "type": "Feature",
      "id": "ok2026tnrs",
      "geometry": {
        "type": "Point",
        "coordinates": [
          -95.8265,
          36.2515,
          0
        ]
      },
      "properties": {
        "source": "USGS",
        "evidenceType": "measured-detection",
        "magnitude": 1.17,
        "depthKm": 0,
        "observationUtc": "2026-10-05T20:53:45.969000Z",
        "observation_time": "2026-10-05T20:53:45.969000Z",
        "place": "3 km SE of Owasso, Oklahoma",
        "title": "M 1.2 Quarry Blast - 3 km SE of Owasso, Oklahoma",
        "status": "reviewed",
        "eventUrl": "https://earthquake.usgs.gov/earthquakes/eventpage/ok2026tnrs",
        "source_url": "https://earthquake.usgs.gov/earthquakes/eventpage/ok2026tnrs",
        "detailUrl": "https://earthquake.usgs.gov/earthquakes/feed/v1.0/detail/ok2026tnrs.geojson",
        "tsunami": false,
        "categories": [
          "Earthquakes"
        ]
      }
    },
    {
      "type": "Feature",
      "id": "aka2026ttftim",
      "geometry": {
        "type": "Point",
        "coordinates": [
          -140.768,
          64.728,
          2.8
        ]
      },
      "properties": {
        "source": "USGS",
        "evidenceType": "measured-detection",
        "magnitude": 3.2,
        "depthKm": 2.8,
        "observationUtc": "2026-10-05T20:50:08.260000Z",
        "observation_time": "2026-10-05T20:50:08.260000Z",
        "place": "17 km ESE of Eagle Village, Alaska",
        "title": "M 3.2 - 17 km ESE of Eagle Village, Alaska",
        "status": "reviewed",
        "eventUrl": "https://earthquake.usgs.gov/earthquakes/eventpage/aka2026ttftim",
        "source_url": "https://earthquake.usgs.gov/earthquakes/eventpage/aka2026ttftim",
        "detailUrl": "https://earthquake.usgs.gov/earthquakes/feed/v1.0/detail/aka2026ttftim.geojson",
        "tsunami": false,
        "categories": [
          "Earthquakes"
        ]
      }
    },
    {
      "type": "Feature",
      "id": "ci41343775",
      "geometry": {
        "type": "Point",
        "coordinates": [
          -117.938666666667,
          33.265,
          16.59
        ]
      },
      "properties": {
        "source": "USGS",
        "evidenceType": "measured-detection",
        "magnitude": 2.81,
        "depthKm": 16.59,
        "observationUtc": "2026-10-05T20:23:41.640000Z",
        "observation_time": "2026-10-05T20:23:41.640000Z",
        "place": "32 km SW of Dana Point, CA",
        "title": "M 2.8 - 32 km SW of Dana Point, CA",
        "status": "reviewed",
        "eventUrl": "https://earthquake.usgs.gov/earthquakes/eventpage/ci41343775",
        "source_url": "https://earthquake.usgs.gov/earthquakes/eventpage/ci41343775",
        "detailUrl": "https://earthquake.usgs.gov/earthquakes/feed/v1.0/detail/ci41343775.geojson",
        "tsunami": false,
        "categories": [
          "Earthquakes"
        ]
      }
    },
    {
      "type": "Feature",
      "id": "us6000tzsc",
      "geometry": {
        "type": "Point",
        "coordinates": [
          179.8108,
          -24.4235,
          518.638
        ]
      },
      "properties": {
        "source": "USGS",
        "evidenceType": "measured-detection",
        "magnitude": 5,
        "depthKm": 518.638,
        "observationUtc": "2026-10-05T20:22:59.243000Z",
        "observation_time": "2026-10-05T20:22:59.243000Z",
        "place": "south of the Fiji Islands",
        "title": "M 5.0 - south of the Fiji Islands",
        "status": "reviewed",
        "eventUrl": "https://earthquake.usgs.gov/earthquakes/eventpage/us6000tzsc",
        "source_url": "https://earthquake.usgs.gov/earthquakes/eventpage/us6000tzsc",
        "detailUrl": "https://earthquake.usgs.gov/earthquakes/feed/v1.0/detail/us6000tzsc.geojson",
        "tsunami": false,
        "categories": [
          "Earthquakes"
        ]
      }
    },
    {
      "type": "Feature",
      "id": "ci41343767",
      "geometry": {
        "type": "Point",
        "coordinates": [
          -117.9315,
          33.2676666666667,
          11.27
        ]
      },
      "properties": {
        "source": "USGS",
        "evidenceType": "measured-detection",
        "magnitude": 3.48,
        "depthKm": 11.27,
        "observationUtc": "2026-10-05T20:22:30.410000Z",
        "observation_time": "2026-10-05T20:22:30.410000Z",
        "place": "31 km SW of Dana Point, CA",
        "title": "M 3.5 - 31 km SW of Dana Point, CA",
        "status": "reviewed",
        "eventUrl": "https://earthquake.usgs.gov/earthquakes/eventpage/ci41343767",
        "source_url": "https://earthquake.usgs.gov/earthquakes/eventpage/ci41343767",
        "detailUrl": "https://earthquake.usgs.gov/earthquakes/feed/v1.0/detail/ci41343767.geojson",
        "tsunami": false,
        "categories": [
          "Earthquakes"
        ]
      }
    },
    {
      "type": "Feature",
      "id": "tx2026tqajtr",
      "geometry": {
        "type": "Point",
        "coordinates": [
          -104.359,
          31.63,
          7.074
        ]
      },
      "properties": {
        "source": "USGS",
        "evidenceType": "measured-detection",
        "magnitude": 1.8,
        "depthKm": 7.074,
        "observationUtc": "2026-10-05T20:14:25.572000Z",
        "observation_time": "2026-10-05T20:14:25.572000Z",
        "place": "60 km S of Whites City, New Mexico",
        "title": "M 1.8 - 60 km S of Whites City, New Mexico",
        "status": "reviewed",
        "eventUrl": "https://earthquake.usgs.gov/earthquakes/eventpage/tx2026tqajtr",
        "source_url": "https://earthquake.usgs.gov/earthquakes/eventpage/tx2026tqajtr",
        "detailUrl": "https://earthquake.usgs.gov/earthquakes/feed/v1.0/detail/tx2026tqajtr.geojson",
        "tsunami": false,
        "categories": [
          "Earthquakes"
        ]
      }
    },
    {
      "type": "Feature",
      "id": "aka2026ttecdg",
      "geometry": {
        "type": "Point",
        "coordinates": [
          -149.777,
          61.609,
          22.4
        ]
      },
      "properties": {
        "source": "USGS",
        "evidenceType": "measured-detection",
        "magnitude": 1.9,
        "depthKm": 22.4,
        "observationUtc": "2026-10-05T20:00:17.633000Z",
        "observation_time": "2026-10-05T20:00:17.633000Z",
        "place": "3 km SE of Houston, Alaska",
        "title": "M 1.9 - 3 km SE of Houston, Alaska",
        "status": "automatic",
        "eventUrl": "https://earthquake.usgs.gov/earthquakes/eventpage/aka2026ttecdg",
        "source_url": "https://earthquake.usgs.gov/earthquakes/eventpage/aka2026ttecdg",
        "detailUrl": "https://earthquake.usgs.gov/earthquakes/feed/v1.0/detail/aka2026ttecdg.geojson",
        "tsunami": false,
        "categories": [
          "Earthquakes"
        ]
      }
    },
    {
      "type": "Feature",
      "id": "tx2026tpzuli",
      "geometry": {
        "type": "Point",
        "coordinates": [
          -104.367,
          31.632,
          6.5613
        ]
      },
      "properties": {
        "source": "USGS",
        "evidenceType": "measured-detection",
        "magnitude": 2.1,
        "depthKm": 6.5613,
        "observationUtc": "2026-10-05T19:59:24.669000Z",
        "observation_time": "2026-10-05T19:59:24.669000Z",
        "place": "60 km S of Whites City, New Mexico",
        "title": "M 2.1 - 60 km S of Whites City, New Mexico",
        "status": "reviewed",
        "eventUrl": "https://earthquake.usgs.gov/earthquakes/eventpage/tx2026tpzuli",
        "source_url": "https://earthquake.usgs.gov/earthquakes/eventpage/tx2026tpzuli",
        "detailUrl": "https://earthquake.usgs.gov/earthquakes/feed/v1.0/detail/tx2026tpzuli.geojson",
        "tsunami": false,
        "categories": [
          "Earthquakes"
        ]
      }
    },
    {
      "type": "Feature",
      "id": "us6000tzry",
      "geometry": {
        "type": "Point",
        "coordinates": [
          40.0091,
          8.9608,
          10
        ]
      },
      "properties": {
        "source": "USGS",
        "evidenceType": "measured-detection",
        "magnitude": 4.6,
        "depthKm": 10,
        "observationUtc": "2026-10-05T19:47:55.779000Z",
        "observation_time": "2026-10-05T19:47:55.779000Z",
        "place": "12 km ENE of Metahāra, Ethiopia",
        "title": "M 4.6 - 12 km ENE of Metahāra, Ethiopia",
        "status": "reviewed",
        "eventUrl": "https://earthquake.usgs.gov/earthquakes/eventpage/us6000tzry",
        "source_url": "https://earthquake.usgs.gov/earthquakes/eventpage/us6000tzry",
        "detailUrl": "https://earthquake.usgs.gov/earthquakes/feed/v1.0/detail/us6000tzry.geojson",
        "tsunami": false,
        "categories": [
          "Earthquakes"
        ]
      }
    },
    {
      "type": "Feature",
      "id": "uw714116381",
      "geometry": {
        "type": "Point",
        "coordinates": [
          -116.844333333333,
          46.6955,
          -0.81
        ]
      },
      "properties": {
        "source": "USGS",
        "evidenceType": "measured-detection",
        "magnitude": 1.67,
        "depthKm": -0.81,
        "observationUtc": "2026-10-05T19:30:41.550000Z",
        "observation_time": "2026-10-05T19:30:41.550000Z",
        "place": "7 km SW of Troy, Idaho",
        "title": "M 1.7 Explosion - 7 km SW of Troy, Idaho",
        "status": "reviewed",
        "eventUrl": "https://earthquake.usgs.gov/earthquakes/eventpage/uw714116381",
        "source_url": "https://earthquake.usgs.gov/earthquakes/eventpage/uw714116381",
        "detailUrl": "https://earthquake.usgs.gov/earthquakes/feed/v1.0/detail/uw714116381.geojson",
        "tsunami": false,
        "categories": [
          "Earthquakes"
        ]
      }
    },
    {
      "type": "Feature",
      "id": "pr71535848",
      "geometry": {
        "type": "Point",
        "coordinates": [
          -66.9163333333333,
          18.0395,
          7.54
        ]
      },
      "properties": {
        "source": "USGS",
        "evidenceType": "measured-detection",
        "magnitude": 1.8,
        "depthKm": 7.54,
        "observationUtc": "2026-10-05T19:21:16.170000Z",
        "observation_time": "2026-10-05T19:21:16.170000Z",
        "place": "1 km W of Lluveras, Puerto Rico",
        "title": "M 1.8 - 1 km W of Lluveras, Puerto Rico",
        "status": "reviewed",
        "eventUrl": "https://earthquake.usgs.gov/earthquakes/eventpage/pr71535848",
        "source_url": "https://earthquake.usgs.gov/earthquakes/eventpage/pr71535848",
        "detailUrl": "https://earthquake.usgs.gov/earthquakes/feed/v1.0/detail/pr71535848.geojson",
        "tsunami": false,
        "categories": [
          "Earthquakes"
        ]
      }
    },
    {
      "type": "Feature",
      "id": "ci41343735",
      "geometry": {
        "type": "Point",
        "coordinates": [
          -116.519333333333,
          33.156,
          5.03
        ]
      },
      "properties": {
        "source": "USGS",
        "evidenceType": "measured-detection",
        "magnitude": 0.61,
        "depthKm": 5.03,
        "observationUtc": "2026-10-05T19:15:39Z",
        "observation_time": "2026-10-05T19:15:39Z",
        "place": "12 km NE of Julian, CA",
        "title": "M 0.6 - 12 km NE of Julian, CA",
        "status": "reviewed",
        "eventUrl": "https://earthquake.usgs.gov/earthquakes/eventpage/ci41343735",
        "source_url": "https://earthquake.usgs.gov/earthquakes/eventpage/ci41343735",
        "detailUrl": "https://earthquake.usgs.gov/earthquakes/feed/v1.0/detail/ci41343735.geojson",
        "tsunami": false,
        "categories": [
          "Earthquakes"
        ]
      }
    },
    {
      "type": "Feature",
      "id": "ci41343727",
      "geometry": {
        "type": "Point",
        "coordinates": [
          -116.709166666667,
          33.5395,
          5.5
        ]
      },
      "properties": {
        "source": "USGS",
        "evidenceType": "measured-detection",
        "magnitude": 0.46,
        "depthKm": 5.5,
        "observationUtc": "2026-10-05T19:15:29.370000Z",
        "observation_time": "2026-10-05T19:15:29.370000Z",
        "place": "4 km WSW of Anza, CA",
        "title": "M 0.5 - 4 km WSW of Anza, CA",
        "status": "reviewed",
        "eventUrl": "https://earthquake.usgs.gov/earthquakes/eventpage/ci41343727",
        "source_url": "https://earthquake.usgs.gov/earthquakes/eventpage/ci41343727",
        "detailUrl": "https://earthquake.usgs.gov/earthquakes/feed/v1.0/detail/ci41343727.geojson",
        "tsunami": false,
        "categories": [
          "Earthquakes"
        ]
      }
    },
    {
      "type": "Feature",
      "id": "nc75445131",
      "geometry": {
        "type": "Point",
        "coordinates": [
          -121.980163574219,
          37.8973350524902,
          8.82999992370605
        ]
      },
      "properties": {
        "source": "USGS",
        "evidenceType": "measured-detection",
        "magnitude": 1.57,
        "depthKm": 8.82999992370605,
        "observationUtc": "2026-10-05T19:08:30.190000Z",
        "observation_time": "2026-10-05T19:08:30.190000Z",
        "place": "6 km SW of Clayton, CA",
        "title": "M 1.6 - 6 km SW of Clayton, CA",
        "status": "automatic",
        "eventUrl": "https://earthquake.usgs.gov/earthquakes/eventpage/nc75445131",
        "source_url": "https://earthquake.usgs.gov/earthquakes/eventpage/nc75445131",
        "detailUrl": "https://earthquake.usgs.gov/earthquakes/feed/v1.0/detail/nc75445131.geojson",
        "tsunami": false,
        "categories": [
          "Earthquakes"
        ]
      }
    },
    {
      "type": "Feature",
      "id": "aka2026ttcbtx",
      "geometry": {
        "type": "Point",
        "coordinates": [
          -150.561,
          62.968,
          91.1
        ]
      },
      "properties": {
        "source": "USGS",
        "evidenceType": "measured-detection",
        "magnitude": 1.9,
        "depthKm": 91.1,
        "observationUtc": "2026-10-05T18:59:39.958000Z",
        "observation_time": "2026-10-05T18:59:39.958000Z",
        "place": "53 km NNE of Petersville, Alaska",
        "title": "M 1.9 - 53 km NNE of Petersville, Alaska",
        "status": "automatic",
        "eventUrl": "https://earthquake.usgs.gov/earthquakes/eventpage/aka2026ttcbtx",
        "source_url": "https://earthquake.usgs.gov/earthquakes/eventpage/aka2026ttcbtx",
        "detailUrl": "https://earthquake.usgs.gov/earthquakes/feed/v1.0/detail/aka2026ttcbtx.geojson",
        "tsunami": false,
        "categories": [
          "Earthquakes"
        ]
      }
    },
    {
      "type": "Feature",
      "id": "ci41343703",
      "geometry": {
        "type": "Point",
        "coordinates": [
          -118.196833333333,
          34.9911666666667,
          -0.72
        ]
      },
      "properties": {
        "source": "USGS",
        "evidenceType": "measured-detection",
        "magnitude": 1.53,
        "depthKm": -0.72,
        "observationUtc": "2026-10-05T18:51:26.460000Z",
        "observation_time": "2026-10-05T18:51:26.460000Z",
        "place": "7 km SSW of Mojave, CA",
        "title": "M 1.5 - 7 km SSW of Mojave, CA",
        "status": "automatic",
        "eventUrl": "https://earthquake.usgs.gov/earthquakes/eventpage/ci41343703",
        "source_url": "https://earthquake.usgs.gov/earthquakes/eventpage/ci41343703",
        "detailUrl": "https://earthquake.usgs.gov/earthquakes/feed/v1.0/detail/ci41343703.geojson",
        "tsunami": false,
        "categories": [
          "Earthquakes"
        ]
      }
    },
    {
      "type": "Feature",
      "id": "aka2026ttbgfy",
      "geometry": {
        "type": "Point",
        "coordinates": [
          -154.978,
          58.288,
          5
        ]
      },
      "properties": {
        "source": "USGS",
        "evidenceType": "measured-detection",
        "magnitude": 1,
        "depthKm": 5,
        "observationUtc": "2026-10-05T18:35:02.528000Z",
        "observation_time": "2026-10-05T18:35:02.528000Z",
        "place": "85 km NNW of Karluk, Alaska",
        "title": "M 1.0 - 85 km NNW of Karluk, Alaska",
        "status": "automatic",
        "eventUrl": "https://earthquake.usgs.gov/earthquakes/eventpage/aka2026ttbgfy",
        "source_url": "https://earthquake.usgs.gov/earthquakes/eventpage/aka2026ttbgfy",
        "detailUrl": "https://earthquake.usgs.gov/earthquakes/feed/v1.0/detail/aka2026ttbgfy.geojson",
        "tsunami": false,
        "categories": [
          "Earthquakes"
        ]
      }
    },
    {
      "type": "Feature",
      "id": "us6000tzpz",
      "geometry": {
        "type": "Point",
        "coordinates": [
          150.325,
          -5.5191,
          124.862
        ]
      },
      "properties": {
        "source": "USGS",
        "evidenceType": "measured-detection",
        "magnitude": 4.4,
        "depthKm": 124.862,
        "observationUtc": "2026-10-05T18:28:28.162000Z",
        "observation_time": "2026-10-05T18:28:28.162000Z",
        "place": "21 km E of Kimbe, Papua New Guinea",
        "title": "M 4.4 - 21 km E of Kimbe, Papua New Guinea",
        "status": "reviewed",
        "eventUrl": "https://earthquake.usgs.gov/earthquakes/eventpage/us6000tzpz",
        "source_url": "https://earthquake.usgs.gov/earthquakes/eventpage/us6000tzpz",
        "detailUrl": "https://earthquake.usgs.gov/earthquakes/feed/v1.0/detail/us6000tzpz.geojson",
        "tsunami": false,
        "categories": [
          "Earthquakes"
        ]
      }
    },
    {
      "type": "Feature",
      "id": "ci41343695",
      "geometry": {
        "type": "Point",
        "coordinates": [
          -116.216,
          33.0525,
          9.11
        ]
      },
      "properties": {
        "source": "USGS",
        "evidenceType": "measured-detection",
        "magnitude": 1.29,
        "depthKm": 9.11,
        "observationUtc": "2026-10-05T18:25:40.820000Z",
        "observation_time": "2026-10-05T18:25:40.820000Z",
        "place": "13 km SW of Ocotillo Wells, CA",
        "title": "M 1.3 - 13 km SW of Ocotillo Wells, CA",
        "status": "reviewed",
        "eventUrl": "https://earthquake.usgs.gov/earthquakes/eventpage/ci41343695",
        "source_url": "https://earthquake.usgs.gov/earthquakes/eventpage/ci41343695",
        "detailUrl": "https://earthquake.usgs.gov/earthquakes/feed/v1.0/detail/ci41343695.geojson",
        "tsunami": false,
        "categories": [
          "Earthquakes"
        ]
      }
    },
    {
      "type": "Feature",
      "id": "uw714116301",
      "geometry": {
        "type": "Point",
        "coordinates": [
          -121.704833333333,
          45.3778333333333,
          -0.01
        ]
      },
      "properties": {
        "source": "USGS",
        "evidenceType": "measured-detection",
        "magnitude": 1.44,
        "depthKm": -0.01,
        "observationUtc": "2026-10-05T18:24:43.130000Z",
        "observation_time": "2026-10-05T18:24:43.130000Z",
        "place": "9 km NNE of Government Camp, Oregon",
        "title": "M 1.4 - 9 km NNE of Government Camp, Oregon",
        "status": "reviewed",
        "eventUrl": "https://earthquake.usgs.gov/earthquakes/eventpage/uw714116301",
        "source_url": "https://earthquake.usgs.gov/earthquakes/eventpage/uw714116301",
        "detailUrl": "https://earthquake.usgs.gov/earthquakes/feed/v1.0/detail/uw714116301.geojson",
        "tsunami": false,
        "categories": [
          "Earthquakes"
        ]
      }
    },
    {
      "type": "Feature",
      "id": "ci41343687",
      "geometry": {
        "type": "Point",
        "coordinates": [
          -118.159,
          34.1273333333333,
          13.1
        ]
      },
      "properties": {
        "source": "USGS",
        "evidenceType": "measured-detection",
        "magnitude": 0.74,
        "depthKm": 13.1,
        "observationUtc": "2026-10-05T18:24:27.410000Z",
        "observation_time": "2026-10-05T18:24:27.410000Z",
        "place": "1 km NNW of South Pasadena, CA",
        "title": "M 0.7 - 1 km NNW of South Pasadena, CA",
        "status": "reviewed",
        "eventUrl": "https://earthquake.usgs.gov/earthquakes/eventpage/ci41343687",
        "source_url": "https://earthquake.usgs.gov/earthquakes/eventpage/ci41343687",
        "detailUrl": "https://earthquake.usgs.gov/earthquakes/feed/v1.0/detail/ci41343687.geojson",
        "tsunami": false,
        "categories": [
          "Earthquakes"
        ]
      }
    },
    {
      "type": "Feature",
      "id": "ok2026tnmm",
      "geometry": {
        "type": "Point",
        "coordinates": [
          -96.72966667,
          34.69283333,
          0
        ]
      },
      "properties": {
        "source": "USGS",
        "evidenceType": "measured-detection",
        "magnitude": 1.38,
        "depthKm": 0,
        "observationUtc": "2026-10-05T18:15:05.549000Z",
        "observation_time": "2026-10-05T18:15:05.549000Z",
        "place": "5 km NE of Fitzhugh, Oklahoma",
        "title": "M 1.4 Quarry Blast - 5 km NE of Fitzhugh, Oklahoma",
        "status": "reviewed",
        "eventUrl": "https://earthquake.usgs.gov/earthquakes/eventpage/ok2026tnmm",
        "source_url": "https://earthquake.usgs.gov/earthquakes/eventpage/ok2026tnmm",
        "detailUrl": "https://earthquake.usgs.gov/earthquakes/feed/v1.0/detail/ok2026tnmm.geojson",
        "tsunami": false,
        "categories": [
          "Earthquakes"
        ]
      }
    },
    {
      "type": "Feature",
      "id": "av94461496",
      "geometry": {
        "type": "Point",
        "coordinates": [
          -155.854166666667,
          57.6536666666667,
          11.81
        ]
      },
      "properties": {
        "source": "USGS",
        "evidenceType": "measured-detection",
        "magnitude": 0.52,
        "depthKm": 11.81,
        "observationUtc": "2026-10-05T18:11:35.930000Z",
        "observation_time": "2026-10-05T18:11:35.930000Z",
        "place": "84 km W of Karluk, Alaska",
        "title": "M 0.5 - 84 km W of Karluk, Alaska",
        "status": "reviewed",
        "eventUrl": "https://earthquake.usgs.gov/earthquakes/eventpage/av94461496",
        "source_url": "https://earthquake.usgs.gov/earthquakes/eventpage/av94461496",
        "detailUrl": "https://earthquake.usgs.gov/earthquakes/feed/v1.0/detail/av94461496.geojson",
        "tsunami": false,
        "categories": [
          "Earthquakes"
        ]
      }
    },
    {
      "type": "Feature",
      "id": "ci41343679",
      "geometry": {
        "type": "Point",
        "coordinates": [
          -116.5235,
          33.1535,
          5.61
        ]
      },
      "properties": {
        "source": "USGS",
        "evidenceType": "measured-detection",
        "magnitude": 0.8,
        "depthKm": 5.61,
        "observationUtc": "2026-10-05T18:11:21.590000Z",
        "observation_time": "2026-10-05T18:11:21.590000Z",
        "place": "11 km NE of Julian, CA",
        "title": "M 0.8 - 11 km NE of Julian, CA",
        "status": "reviewed",
        "eventUrl": "https://earthquake.usgs.gov/earthquakes/eventpage/ci41343679",
        "source_url": "https://earthquake.usgs.gov/earthquakes/eventpage/ci41343679",
        "detailUrl": "https://earthquake.usgs.gov/earthquakes/feed/v1.0/detail/ci41343679.geojson",
        "tsunami": false,
        "categories": [
          "Earthquakes"
        ]
      }
    },
    {
      "type": "Feature",
      "id": "uu80158611",
      "geometry": {
        "type": "Point",
        "coordinates": [
          -112.899,
          38.4786666666667,
          3.64
        ]
      },
      "properties": {
        "source": "USGS",
        "evidenceType": "measured-detection",
        "magnitude": 1.87,
        "depthKm": 3.64,
        "observationUtc": "2026-10-05T18:10:03.440000Z",
        "observation_time": "2026-10-05T18:10:03.440000Z",
        "place": "13 km NE of Milford, Utah",
        "title": "M 1.9 - 13 km NE of Milford, Utah",
        "status": "reviewed",
        "eventUrl": "https://earthquake.usgs.gov/earthquakes/eventpage/uu80158611",
        "source_url": "https://earthquake.usgs.gov/earthquakes/eventpage/uu80158611",
        "detailUrl": "https://earthquake.usgs.gov/earthquakes/feed/v1.0/detail/uu80158611.geojson",
        "tsunami": false,
        "categories": [
          "Earthquakes"
        ]
      }
    },
    {
      "type": "Feature",
      "id": "ok2026tnmf",
      "geometry": {
        "type": "Point",
        "coordinates": [
          -95.06583333,
          36.61766667,
          0
        ]
      },
      "properties": {
        "source": "USGS",
        "evidenceType": "measured-detection",
        "magnitude": 1.26,
        "depthKm": 0,
        "observationUtc": "2026-10-05T18:07:06.059000Z",
        "observation_time": "2026-10-05T18:07:06.059000Z",
        "place": "8 km ESE of Vinita, Oklahoma",
        "title": "M 1.3 Quarry Blast - 8 km ESE of Vinita, Oklahoma",
        "status": "reviewed",
        "eventUrl": "https://earthquake.usgs.gov/earthquakes/eventpage/ok2026tnmf",
        "source_url": "https://earthquake.usgs.gov/earthquakes/eventpage/ok2026tnmf",
        "detailUrl": "https://earthquake.usgs.gov/earthquakes/feed/v1.0/detail/ok2026tnmf.geojson",
        "tsunami": false,
        "categories": [
          "Earthquakes"
        ]
      }
    },
    {
      "type": "Feature",
      "id": "aka2026ttagyp",
      "geometry": {
        "type": "Point",
        "coordinates": [
          -155.806,
          57.638,
          1
        ]
      },
      "properties": {
        "source": "USGS",
        "evidenceType": "measured-detection",
        "magnitude": 2.7,
        "depthKm": 1,
        "observationUtc": "2026-10-05T18:05:53.049000Z",
        "observation_time": "2026-10-05T18:05:53.049000Z",
        "place": "81 km W of Karluk, Alaska",
        "title": "M 2.7 - 81 km W of Karluk, Alaska",
        "status": "reviewed",
        "eventUrl": "https://earthquake.usgs.gov/earthquakes/eventpage/aka2026ttagyp",
        "source_url": "https://earthquake.usgs.gov/earthquakes/eventpage/aka2026ttagyp",
        "detailUrl": "https://earthquake.usgs.gov/earthquakes/feed/v1.0/detail/aka2026ttagyp.geojson",
        "tsunami": false,
        "categories": [
          "Earthquakes"
        ]
      }
    },
    {
      "type": "Feature",
      "id": "nc75445086",
      "geometry": {
        "type": "Point",
        "coordinates": [
          -122.847999572754,
          38.8520011901855,
          1.5900000333786
        ]
      },
      "properties": {
        "source": "USGS",
        "evidenceType": "measured-detection",
        "magnitude": 1.07,
        "depthKm": 1.5900000333786,
        "observationUtc": "2026-10-05T18:05:11.180000Z",
        "observation_time": "2026-10-05T18:05:11.180000Z",
        "place": "11 km WNW of Cobb, CA",
        "title": "M 1.1 - 11 km WNW of Cobb, CA",
        "status": "automatic",
        "eventUrl": "https://earthquake.usgs.gov/earthquakes/eventpage/nc75445086",
        "source_url": "https://earthquake.usgs.gov/earthquakes/eventpage/nc75445086",
        "detailUrl": "https://earthquake.usgs.gov/earthquakes/feed/v1.0/detail/nc75445086.geojson",
        "tsunami": false,
        "categories": [
          "Earthquakes"
        ]
      }
    },
    {
      "type": "Feature",
      "id": "nc75445081",
      "geometry": {
        "type": "Point",
        "coordinates": [
          -122.846832275391,
          38.8525009155273,
          1.76999998092651
        ]
      },
      "properties": {
        "source": "USGS",
        "evidenceType": "measured-detection",
        "magnitude": 0.74,
        "depthKm": 1.76999998092651,
        "observationUtc": "2026-10-05T18:05:05.100000Z",
        "observation_time": "2026-10-05T18:05:05.100000Z",
        "place": "11 km WNW of Cobb, CA",
        "title": "M 0.7 - 11 km WNW of Cobb, CA",
        "status": "automatic",
        "eventUrl": "https://earthquake.usgs.gov/earthquakes/eventpage/nc75445081",
        "source_url": "https://earthquake.usgs.gov/earthquakes/eventpage/nc75445081",
        "detailUrl": "https://earthquake.usgs.gov/earthquakes/feed/v1.0/detail/nc75445081.geojson",
        "tsunami": false,
        "categories": [
          "Earthquakes"
        ]
      }
    },
    {
      "type": "Feature",
      "id": "pr71535828",
      "geometry": {
        "type": "Point",
        "coordinates": [
          -66.985,
          17.9643333333333,
          11.59
        ]
      },
      "properties": {
        "source": "USGS",
        "evidenceType": "measured-detection",
        "magnitude": 1.31,
        "depthKm": 11.59,
        "observationUtc": "2026-10-05T17:55:10.840000Z",
        "observation_time": "2026-10-05T17:55:10.840000Z",
        "place": "6 km E of La Parguera, Puerto Rico",
        "title": "M 1.3 - 6 km E of La Parguera, Puerto Rico",
        "status": "reviewed",
        "eventUrl": "https://earthquake.usgs.gov/earthquakes/eventpage/pr71535828",
        "source_url": "https://earthquake.usgs.gov/earthquakes/eventpage/pr71535828",
        "detailUrl": "https://earthquake.usgs.gov/earthquakes/feed/v1.0/detail/pr71535828.geojson",
        "tsunami": false,
        "categories": [
          "Earthquakes"
        ]
      }
    },
    {
      "type": "Feature",
      "id": "ci41343663",
      "geometry": {
        "type": "Point",
        "coordinates": [
          -116.803333333333,
          33.5698333333333,
          6.71
        ]
      },
      "properties": {
        "source": "USGS",
        "evidenceType": "measured-detection",
        "magnitude": 0.51,
        "depthKm": 6.71,
        "observationUtc": "2026-10-05T17:47:14.800000Z",
        "observation_time": "2026-10-05T17:47:14.800000Z",
        "place": "12 km W of Anza, CA",
        "title": "M 0.5 - 12 km W of Anza, CA",
        "status": "reviewed",
        "eventUrl": "https://earthquake.usgs.gov/earthquakes/eventpage/ci41343663",
        "source_url": "https://earthquake.usgs.gov/earthquakes/eventpage/ci41343663",
        "detailUrl": "https://earthquake.usgs.gov/earthquakes/feed/v1.0/detail/ci41343663.geojson",
        "tsunami": false,
        "categories": [
          "Earthquakes"
        ]
      }
    },
    {
      "type": "Feature",
      "id": "aka2026tsznnh",
      "geometry": {
        "type": "Point",
        "coordinates": [
          -155.773,
          57.617,
          6.4
        ]
      },
      "properties": {
        "source": "USGS",
        "evidenceType": "measured-detection",
        "magnitude": 1.9,
        "depthKm": 6.4,
        "observationUtc": "2026-10-05T17:43:28.922000Z",
        "observation_time": "2026-10-05T17:43:28.922000Z",
        "place": "78 km W of Karluk, Alaska",
        "title": "M 1.9 - 78 km W of Karluk, Alaska",
        "status": "automatic",
        "eventUrl": "https://earthquake.usgs.gov/earthquakes/eventpage/aka2026tsznnh",
        "source_url": "https://earthquake.usgs.gov/earthquakes/eventpage/aka2026tsznnh",
        "detailUrl": "https://earthquake.usgs.gov/earthquakes/feed/v1.0/detail/aka2026tsznnh.geojson",
        "tsunami": false,
        "categories": [
          "Earthquakes"
        ]
      }
    },
    {
      "type": "Feature",
      "id": "aka2026tszhfb",
      "geometry": {
        "type": "Point",
        "coordinates": [
          -152.023,
          61.17,
          20.4
        ]
      },
      "properties": {
        "source": "USGS",
        "evidenceType": "measured-detection",
        "magnitude": 0.6,
        "depthKm": 20.4,
        "observationUtc": "2026-10-05T17:36:10.818000Z",
        "observation_time": "2026-10-05T17:36:10.818000Z",
        "place": "49 km WNW of Tyonek, Alaska",
        "title": "M 0.6 - 49 km WNW of Tyonek, Alaska",
        "status": "automatic",
        "eventUrl": "https://earthquake.usgs.gov/earthquakes/eventpage/aka2026tszhfb",
        "source_url": "https://earthquake.usgs.gov/earthquakes/eventpage/aka2026tszhfb",
        "detailUrl": "https://earthquake.usgs.gov/earthquakes/feed/v1.0/detail/aka2026tszhfb.geojson",
        "tsunami": false,
        "categories": [
          "Earthquakes"
        ]
      }
    },
    {
      "type": "Feature",
      "id": "us6000tzpp",
      "geometry": {
        "type": "Point",
        "coordinates": [
          -130.3859,
          51.3621,
          10
        ]
      },
      "properties": {
        "source": "USGS",
        "evidenceType": "measured-detection",
        "magnitude": 3.9,
        "depthKm": 10,
        "observationUtc": "2026-10-05T17:30:40.698000Z",
        "observation_time": "2026-10-05T17:30:40.698000Z",
        "place": "247 km WNW of Port McNeill, Canada",
        "title": "M 3.9 - 247 km WNW of Port McNeill, Canada",
        "status": "reviewed",
        "eventUrl": "https://earthquake.usgs.gov/earthquakes/eventpage/us6000tzpp",
        "source_url": "https://earthquake.usgs.gov/earthquakes/eventpage/us6000tzpp",
        "detailUrl": "https://earthquake.usgs.gov/earthquakes/feed/v1.0/detail/us6000tzpp.geojson",
        "tsunami": false,
        "categories": [
          "Earthquakes"
        ]
      }
    },
    {
      "type": "Feature",
      "id": "tx2026tpuxqn",
      "geometry": {
        "type": "Point",
        "coordinates": [
          -101.641,
          32.372,
          7.6904
        ]
      },
      "properties": {
        "source": "USGS",
        "evidenceType": "measured-detection",
        "magnitude": 1.1,
        "depthKm": 7.6904,
        "observationUtc": "2026-10-05T17:29:19.868000Z",
        "observation_time": "2026-10-05T17:29:19.868000Z",
        "place": "18 km SSE of Ackerly, Texas",
        "title": "M 1.1 - 18 km SSE of Ackerly, Texas",
        "status": "reviewed",
        "eventUrl": "https://earthquake.usgs.gov/earthquakes/eventpage/tx2026tpuxqn",
        "source_url": "https://earthquake.usgs.gov/earthquakes/eventpage/tx2026tpuxqn",
        "detailUrl": "https://earthquake.usgs.gov/earthquakes/feed/v1.0/detail/tx2026tpuxqn.geojson",
        "tsunami": false,
        "categories": [
          "Earthquakes"
        ]
      }
    },
    {
      "type": "Feature",
      "id": "us6000tzpq",
      "geometry": {
        "type": "Point",
        "coordinates": [
          -17.3115,
          64.5091,
          10
        ]
      },
      "properties": {
        "source": "USGS",
        "evidenceType": "measured-detection",
        "magnitude": 4.7,
        "depthKm": 10,
        "observationUtc": "2026-10-05T17:28:24.530000Z",
        "observation_time": "2026-10-05T17:28:24.530000Z",
        "place": "105 km WNW of Höfn, Iceland",
        "title": "M 4.7 - 105 km WNW of Höfn, Iceland",
        "status": "reviewed",
        "eventUrl": "https://earthquake.usgs.gov/earthquakes/eventpage/us6000tzpq",
        "source_url": "https://earthquake.usgs.gov/earthquakes/eventpage/us6000tzpq",
        "detailUrl": "https://earthquake.usgs.gov/earthquakes/feed/v1.0/detail/us6000tzpq.geojson",
        "tsunami": false,
        "categories": [
          "Earthquakes"
        ]
      }
    },
    {
      "type": "Feature",
      "id": "aka2026tsyyhy",
      "geometry": {
        "type": "Point",
        "coordinates": [
          -153.112,
          60.031,
          0.2
        ]
      },
      "properties": {
        "source": "USGS",
        "evidenceType": "measured-detection",
        "magnitude": 0.3,
        "depthKm": 0.2,
        "observationUtc": "2026-10-05T17:25:55.753000Z",
        "observation_time": "2026-10-05T17:25:55.753000Z",
        "place": "61 km ENE of Pedro Bay, Alaska",
        "title": "M 0.3 - 61 km ENE of Pedro Bay, Alaska",
        "status": "automatic",
        "eventUrl": "https://earthquake.usgs.gov/earthquakes/eventpage/aka2026tsyyhy",
        "source_url": "https://earthquake.usgs.gov/earthquakes/eventpage/aka2026tsyyhy",
        "detailUrl": "https://earthquake.usgs.gov/earthquakes/feed/v1.0/detail/aka2026tsyyhy.geojson",
        "tsunami": false,
        "categories": [
          "Earthquakes"
        ]
      }
    },
    {
      "type": "Feature",
      "id": "tx2026tputog",
      "geometry": {
        "type": "Point",
        "coordinates": [
          -98.978,
          28.853,
          7.1851
        ]
      },
      "properties": {
        "source": "USGS",
        "evidenceType": "measured-detection",
        "magnitude": 2.6,
        "depthKm": 7.1851,
        "observationUtc": "2026-10-05T17:24:06.427000Z",
        "observation_time": "2026-10-05T17:24:06.427000Z",
        "place": "12 km ESE of Pearsall, Texas",
        "title": "M 2.6 - 12 km ESE of Pearsall, Texas",
        "status": "reviewed",
        "eventUrl": "https://earthquake.usgs.gov/earthquakes/eventpage/tx2026tputog",
        "source_url": "https://earthquake.usgs.gov/earthquakes/eventpage/tx2026tputog",
        "detailUrl": "https://earthquake.usgs.gov/earthquakes/feed/v1.0/detail/tx2026tputog.geojson",
        "tsunami": false,
        "categories": [
          "Earthquakes"
        ]
      }
    },
    {
      "type": "Feature",
      "id": "uu80158606",
      "geometry": {
        "type": "Point",
        "coordinates": [
          -112.894666666667,
          38.4815,
          3.81
        ]
      },
      "properties": {
        "source": "USGS",
        "evidenceType": "measured-detection",
        "magnitude": 0.68,
        "depthKm": 3.81,
        "observationUtc": "2026-10-05T17:21:07.490000Z",
        "observation_time": "2026-10-05T17:21:07.490000Z",
        "place": "13 km NE of Milford, Utah",
        "title": "M 0.7 - 13 km NE of Milford, Utah",
        "status": "reviewed",
        "eventUrl": "https://earthquake.usgs.gov/earthquakes/eventpage/uu80158606",
        "source_url": "https://earthquake.usgs.gov/earthquakes/eventpage/uu80158606",
        "detailUrl": "https://earthquake.usgs.gov/earthquakes/feed/v1.0/detail/uu80158606.geojson",
        "tsunami": false,
        "categories": [
          "Earthquakes"
        ]
      }
    },
    {
      "type": "Feature",
      "id": "nc75445061",
      "geometry": {
        "type": "Point",
        "coordinates": [
          -122.818000793457,
          38.8095016479492,
          2.84999990463257
        ]
      },
      "properties": {
        "source": "USGS",
        "evidenceType": "measured-detection",
        "magnitude": 1.03,
        "depthKm": 2.84999990463257,
        "observationUtc": "2026-10-05T17:16:15.650000Z",
        "observation_time": "2026-10-05T17:16:15.650000Z",
        "place": "6 km NW of The Geysers, CA",
        "title": "M 1.0 - 6 km NW of The Geysers, CA",
        "status": "automatic",
        "eventUrl": "https://earthquake.usgs.gov/earthquakes/eventpage/nc75445061",
        "source_url": "https://earthquake.usgs.gov/earthquakes/eventpage/nc75445061",
        "detailUrl": "https://earthquake.usgs.gov/earthquakes/feed/v1.0/detail/nc75445061.geojson",
        "tsunami": false,
        "categories": [
          "Earthquakes"
        ]
      }
    },
    {
      "type": "Feature",
      "id": "av94461421",
      "geometry": {
        "type": "Point",
        "coordinates": [
          -153.1215,
          60.0701666666667,
          0.9
        ]
      },
      "properties": {
        "source": "USGS",
        "evidenceType": "measured-detection",
        "magnitude": 0.16,
        "depthKm": 0.9,
        "observationUtc": "2026-10-05T17:08:05.860000Z",
        "observation_time": "2026-10-05T17:08:05.860000Z",
        "place": "63 km ENE of Pedro Bay, Alaska",
        "title": "M 0.2 - 63 km ENE of Pedro Bay, Alaska",
        "status": "reviewed",
        "eventUrl": "https://earthquake.usgs.gov/earthquakes/eventpage/av94461421",
        "source_url": "https://earthquake.usgs.gov/earthquakes/eventpage/av94461421",
        "detailUrl": "https://earthquake.usgs.gov/earthquakes/feed/v1.0/detail/av94461421.geojson",
        "tsunami": false,
        "categories": [
          "Earthquakes"
        ]
      }
    },
    {
      "type": "Feature",
      "id": "uw714116191",
      "geometry": {
        "type": "Point",
        "coordinates": [
          -123.140666666667,
          48.5,
          25.1
        ]
      },
      "properties": {
        "source": "USGS",
        "evidenceType": "measured-detection",
        "magnitude": 1.38,
        "depthKm": 25.1,
        "observationUtc": "2026-10-05T17:05:23.110000Z",
        "observation_time": "2026-10-05T17:05:23.110000Z",
        "place": "9 km WSW of Friday Harbor, Washington",
        "title": "M 1.4 - 9 km WSW of Friday Harbor, Washington",
        "status": "reviewed",
        "eventUrl": "https://earthquake.usgs.gov/earthquakes/eventpage/uw714116191",
        "source_url": "https://earthquake.usgs.gov/earthquakes/eventpage/uw714116191",
        "detailUrl": "https://earthquake.usgs.gov/earthquakes/feed/v1.0/detail/uw714116191.geojson",
        "tsunami": false,
        "categories": [
          "Earthquakes"
        ]
      }
    },
    {
      "type": "Feature",
      "id": "ci41343631",
      "geometry": {
        "type": "Point",
        "coordinates": [
          -116.0715,
          32.7045,
          9.83
        ]
      },
      "properties": {
        "source": "USGS",
        "evidenceType": "measured-detection",
        "magnitude": 1.29,
        "depthKm": 9.83,
        "observationUtc": "2026-10-05T16:59:01.320000Z",
        "observation_time": "2026-10-05T16:59:01.320000Z",
        "place": "8 km WSW of Ocotillo, CA",
        "title": "M 1.3 - 8 km WSW of Ocotillo, CA",
        "status": "reviewed",
        "eventUrl": "https://earthquake.usgs.gov/earthquakes/eventpage/ci41343631",
        "source_url": "https://earthquake.usgs.gov/earthquakes/eventpage/ci41343631",
        "detailUrl": "https://earthquake.usgs.gov/earthquakes/feed/v1.0/detail/ci41343631.geojson",
        "tsunami": false,
        "categories": [
          "Earthquakes"
        ]
      }
    },
    {
      "type": "Feature",
      "id": "nc75445051",
      "geometry": {
        "type": "Point",
        "coordinates": [
          -122.731163024902,
          38.7688331604004,
          1.33000004291534
        ]
      },
      "properties": {
        "source": "USGS",
        "evidenceType": "measured-detection",
        "magnitude": 0.74,
        "depthKm": 1.33000004291534,
        "observationUtc": "2026-10-05T16:57:57.760000Z",
        "observation_time": "2026-10-05T16:57:57.760000Z",
        "place": "2 km ESE of The Geysers, CA",
        "title": "M 0.7 - 2 km ESE of The Geysers, CA",
        "status": "automatic",
        "eventUrl": "https://earthquake.usgs.gov/earthquakes/eventpage/nc75445051",
        "source_url": "https://earthquake.usgs.gov/earthquakes/eventpage/nc75445051",
        "detailUrl": "https://earthquake.usgs.gov/earthquakes/feed/v1.0/detail/nc75445051.geojson",
        "tsunami": false,
        "categories": [
          "Earthquakes"
        ]
      }
    },
    {
      "type": "Feature",
      "id": "aka2026tsxxtn",
      "geometry": {
        "type": "Point",
        "coordinates": [
          -155.849,
          57.65,
          5
        ]
      },
      "properties": {
        "source": "USGS",
        "evidenceType": "measured-detection",
        "magnitude": 3.4,
        "depthKm": 5,
        "observationUtc": "2026-10-05T16:55:19.142000Z",
        "observation_time": "2026-10-05T16:55:19.142000Z",
        "place": "83 km W of Karluk, Alaska",
        "title": "M 3.4 - 83 km W of Karluk, Alaska",
        "status": "automatic",
        "eventUrl": "https://earthquake.usgs.gov/earthquakes/eventpage/aka2026tsxxtn",
        "source_url": "https://earthquake.usgs.gov/earthquakes/eventpage/aka2026tsxxtn",
        "detailUrl": "https://earthquake.usgs.gov/earthquakes/feed/v1.0/detail/aka2026tsxxtn.geojson",
        "tsunami": false,
        "categories": [
          "Earthquakes"
        ]
      }
    },
    {
      "type": "Feature",
      "id": "nc75445046",
      "geometry": {
        "type": "Point",
        "coordinates": [
          -122.785835266113,
          38.8146667480469,
          1.91999995708466
        ]
      },
      "properties": {
        "source": "USGS",
        "evidenceType": "measured-detection",
        "magnitude": 1.44,
        "depthKm": 1.91999995708466,
        "observationUtc": "2026-10-05T16:48:00.040000Z",
        "observation_time": "2026-10-05T16:48:00.040000Z",
        "place": "5 km NNW of The Geysers, CA",
        "title": "M 1.4 - 5 km NNW of The Geysers, CA",
        "status": "automatic",
        "eventUrl": "https://earthquake.usgs.gov/earthquakes/eventpage/nc75445046",
        "source_url": "https://earthquake.usgs.gov/earthquakes/eventpage/nc75445046",
        "detailUrl": "https://earthquake.usgs.gov/earthquakes/feed/v1.0/detail/nc75445046.geojson",
        "tsunami": false,
        "categories": [
          "Earthquakes"
        ]
      }
    },
    {
      "type": "Feature",
      "id": "aka2026tsxnsm",
      "geometry": {
        "type": "Point",
        "coordinates": [
          -150.227,
          62.097,
          48.1
        ]
      },
      "properties": {
        "source": "USGS",
        "evidenceType": "measured-detection",
        "magnitude": 2.3,
        "depthKm": 48.1,
        "observationUtc": "2026-10-05T16:43:46.378000Z",
        "observation_time": "2026-10-05T16:43:46.378000Z",
        "place": "20 km WSW of Susitna North, Alaska",
        "title": "M 2.3 - 20 km WSW of Susitna North, Alaska",
        "status": "automatic",
        "eventUrl": "https://earthquake.usgs.gov/earthquakes/eventpage/aka2026tsxnsm",
        "source_url": "https://earthquake.usgs.gov/earthquakes/eventpage/aka2026tsxnsm",
        "detailUrl": "https://earthquake.usgs.gov/earthquakes/feed/v1.0/detail/aka2026tsxnsm.geojson",
        "tsunami": false,
        "categories": [
          "Earthquakes"
        ]
      }
    },
    {
      "type": "Feature",
      "id": "ci41343615",
      "geometry": {
        "type": "Point",
        "coordinates": [
          -116.740833333333,
          33.9831666666667,
          13.72
        ]
      },
      "properties": {
        "source": "USGS",
        "evidenceType": "measured-detection",
        "magnitude": 1.71,
        "depthKm": 13.72,
        "observationUtc": "2026-10-05T16:29:38.050000Z",
        "observation_time": "2026-10-05T16:29:38.050000Z",
        "place": "8 km NNE of Cabazon, CA",
        "title": "M 1.7 - 8 km NNE of Cabazon, CA",
        "status": "reviewed",
        "eventUrl": "https://earthquake.usgs.gov/earthquakes/eventpage/ci41343615",
        "source_url": "https://earthquake.usgs.gov/earthquakes/eventpage/ci41343615",
        "detailUrl": "https://earthquake.usgs.gov/earthquakes/feed/v1.0/detail/ci41343615.geojson",
        "tsunami": false,
        "categories": [
          "Earthquakes"
        ]
      }
    },
    {
      "type": "Feature",
      "id": "uu80158601",
      "geometry": {
        "type": "Point",
        "coordinates": [
          -112.8955,
          38.4815,
          3.79
        ]
      },
      "properties": {
        "source": "USGS",
        "evidenceType": "measured-detection",
        "magnitude": 1.29,
        "depthKm": 3.79,
        "observationUtc": "2026-10-05T16:28:01.560000Z",
        "observation_time": "2026-10-05T16:28:01.560000Z",
        "place": "13 km NE of Milford, Utah",
        "title": "M 1.3 - 13 km NE of Milford, Utah",
        "status": "reviewed",
        "eventUrl": "https://earthquake.usgs.gov/earthquakes/eventpage/uu80158601",
        "source_url": "https://earthquake.usgs.gov/earthquakes/eventpage/uu80158601",
        "detailUrl": "https://earthquake.usgs.gov/earthquakes/feed/v1.0/detail/uu80158601.geojson",
        "tsunami": false,
        "categories": [
          "Earthquakes"
        ]
      }
    },
    {
      "type": "Feature",
      "id": "av93067804",
      "geometry": {
        "type": "Point",
        "coordinates": [
          -168.190166666667,
          53.3793333333333,
          4.14
        ]
      },
      "properties": {
        "source": "USGS",
        "evidenceType": "measured-detection",
        "magnitude": 0.38,
        "depthKm": 4.14,
        "observationUtc": "2026-10-05T16:20:18.360000Z",
        "observation_time": "2026-10-05T16:20:18.360000Z",
        "place": "66 km NE of Nikolski, Alaska",
        "title": "M 0.4 - 66 km NE of Nikolski, Alaska",
        "status": "reviewed",
        "eventUrl": "https://earthquake.usgs.gov/earthquakes/eventpage/av93067804",
        "source_url": "https://earthquake.usgs.gov/earthquakes/eventpage/av93067804",
        "detailUrl": "https://earthquake.usgs.gov/earthquakes/feed/v1.0/detail/av93067804.geojson",
        "tsunami": false,
        "categories": [
          "Earthquakes"
        ]
      }
    },
    {
      "type": "Feature",
      "id": "uw714116161",
      "geometry": {
        "type": "Point",
        "coordinates": [
          -122.139831542969,
          46.9785003662109,
          12.8800001144409
        ]
      },
      "properties": {
        "source": "USGS",
        "evidenceType": "measured-detection",
        "magnitude": 0.360000014,
        "depthKm": 12.8800001144409,
        "observationUtc": "2026-10-05T16:19:45.830000Z",
        "observation_time": "2026-10-05T16:19:45.830000Z",
        "place": "6 km E of Kapowsin, Washington",
        "title": "M 0.4 - 6 km E of Kapowsin, Washington",
        "status": "automatic",
        "eventUrl": "https://earthquake.usgs.gov/earthquakes/eventpage/uw714116161",
        "source_url": "https://earthquake.usgs.gov/earthquakes/eventpage/uw714116161",
        "detailUrl": "https://earthquake.usgs.gov/earthquakes/feed/v1.0/detail/uw714116161.geojson",
        "tsunami": false,
        "categories": [
          "Earthquakes"
        ]
      }
    },
    {
      "type": "Feature",
      "id": "ci41343599",
      "geometry": {
        "type": "Point",
        "coordinates": [
          -116.7395,
          33.983,
          13.43
        ]
      },
      "properties": {
        "source": "USGS",
        "evidenceType": "measured-detection",
        "magnitude": 1.29,
        "depthKm": 13.43,
        "observationUtc": "2026-10-05T16:18:05.570000Z",
        "observation_time": "2026-10-05T16:18:05.570000Z",
        "place": "9 km NNE of Cabazon, CA",
        "title": "M 1.3 - 9 km NNE of Cabazon, CA",
        "status": "reviewed",
        "eventUrl": "https://earthquake.usgs.gov/earthquakes/eventpage/ci41343599",
        "source_url": "https://earthquake.usgs.gov/earthquakes/eventpage/ci41343599",
        "detailUrl": "https://earthquake.usgs.gov/earthquakes/feed/v1.0/detail/ci41343599.geojson",
        "tsunami": false,
        "categories": [
          "Earthquakes"
        ]
      }
    },
    {
      "type": "Feature",
      "id": "aka2026tswpdq",
      "geometry": {
        "type": "Point",
        "coordinates": [
          -153.065,
          60.014,
          5
        ]
      },
      "properties": {
        "source": "USGS",
        "evidenceType": "measured-detection",
        "magnitude": 0.3,
        "depthKm": 5,
        "observationUtc": "2026-10-05T16:15:23.124000Z",
        "observation_time": "2026-10-05T16:15:23.124000Z",
        "place": "63 km ENE of Pedro Bay, Alaska",
        "title": "M 0.3 - 63 km ENE of Pedro Bay, Alaska",
        "status": "automatic",
        "eventUrl": "https://earthquake.usgs.gov/earthquakes/eventpage/aka2026tswpdq",
        "source_url": "https://earthquake.usgs.gov/earthquakes/eventpage/aka2026tswpdq",
        "detailUrl": "https://earthquake.usgs.gov/earthquakes/feed/v1.0/detail/aka2026tswpdq.geojson",
        "tsunami": false,
        "categories": [
          "Earthquakes"
        ]
      }
    },
    {
      "type": "Feature",
      "id": "ci41343591",
      "geometry": {
        "type": "Point",
        "coordinates": [
          -119.109166666667,
          35.0563333333333,
          10.42
        ]
      },
      "properties": {
        "source": "USGS",
        "evidenceType": "measured-detection",
        "magnitude": 1.49,
        "depthKm": 10.42,
        "observationUtc": "2026-10-05T16:12:33.500000Z",
        "observation_time": "2026-10-05T16:12:33.500000Z",
        "place": "21 km NW of Grapevine, CA",
        "title": "M 1.5 - 21 km NW of Grapevine, CA",
        "status": "reviewed",
        "eventUrl": "https://earthquake.usgs.gov/earthquakes/eventpage/ci41343591",
        "source_url": "https://earthquake.usgs.gov/earthquakes/eventpage/ci41343591",
        "detailUrl": "https://earthquake.usgs.gov/earthquakes/feed/v1.0/detail/ci41343591.geojson",
        "tsunami": false,
        "categories": [
          "Earthquakes"
        ]
      }
    },
    {
      "type": "Feature",
      "id": "aka2026tswjcq",
      "geometry": {
        "type": "Point",
        "coordinates": [
          -151.817,
          61.35,
          92.9
        ]
      },
      "properties": {
        "source": "USGS",
        "evidenceType": "measured-detection",
        "magnitude": 2.9,
        "depthKm": 92.9,
        "observationUtc": "2026-10-05T16:10:50.126000Z",
        "observation_time": "2026-10-05T16:10:50.126000Z",
        "place": "45 km WNW of Beluga, Alaska",
        "title": "M 2.9 - 45 km WNW of Beluga, Alaska",
        "status": "automatic",
        "eventUrl": "https://earthquake.usgs.gov/earthquakes/eventpage/aka2026tswjcq",
        "source_url": "https://earthquake.usgs.gov/earthquakes/eventpage/aka2026tswjcq",
        "detailUrl": "https://earthquake.usgs.gov/earthquakes/feed/v1.0/detail/aka2026tswjcq.geojson",
        "tsunami": false,
        "categories": [
          "Earthquakes"
        ]
      }
    }
  ]
}
